Mes,Year,Linea,LTS,KM,Consumo
2,2023,L440,254501.36,740776.190000002,34.3560394401985
1,2019,L125,31935.29,67436.257,47.3562611875093
7,2019,L146,66626.14,185253.86,35.9647782777643
6,2019,L146,66032.7200000001,181975.375,36.286623945685
6,2019,L107,128055.47,313978.043999999,40.7848486373781
6,2019,L102,67490.27,177477.277,38.0275554937661
5,2019,L107,130221.57,338178.399000001,38.5067675478585
4,2019,L107,126260.67,312325.002,40.4260527308025
7,2019,L107,124609.89,291748.378,42.7114251171603
5,2019,L103,96287.8300000001,233667.959,41.2071173181258
1,2019,L129,33120.65,74190.726,44.6425743293036
4,2019,L102,64162.61,171206.756,37.4766811188223
3,2019,L102,57132.3700000001,175851.694,32.4889506040243
3,2019,L107,121882.88,327221.972,37.2477677018583
3,2019,L146,62301.19,192089.527,32.4334131969621
3,2019,L125,31789.89,80328.147,39.5750321490672
5,2019,L146,68704.01,185920.361,36.9534620256035
4,2019,L146,65240.6899999999,187613.596,34.7739670210254
2,2019,L146,46128.7,151906.728,30.3664627678637
1,2019,L146,54444.5,154809.621,35.1686798587279
1,2019,L144,19080.46,43432.321,43.931476745164
5,2019,L102,71302.06,184566.291,38.632222392116
2,2019,L101,41117.6,100480.98,40.9207792360306
1,2019,L107,96216.64,267032.812,36.0317667628052
1,2019,L101,35480.93,95829.7580000001,37.0249604512201
2,2019,L107,92951.75,262610.421,35.3953013920952
4,2019,L142,150167.8,344486.646,43.5917623349615
2,2019,L102,41508.73,127121.255,32.6528635986169
7,2019,L102,57702.8199999999,154655.294,37.3106012135607
7,2020,L440,235571.739999999,839943.579000001,28.0461385609329
6,2020,L440,236027.61,814633.482000001,28.9734727598638
7,2019,203M,441096.12,937085.969,47.0710409281563
6,2019,203M,358072,838830.101,42.6870709066269
5,2019,203M,387372.02,870491.263000001,44.500391499047
4,2019,203M,374443.620000001,831995.824999999,45.0054686272015
3,2019,203M,371101.94,834884.681999997,44.4494848211865
6,2023,L107,85538.69,180066.465,47.5039536095741
5,2023,L107,95123.98,204792.541,46.4489475717771
5,2023,L145/133,108011.41,233568.081,46.2440799006266
5,2023,L146,66861.9200000001,156217.561,42.8005145977155
5,2023,L128,54194.28,114283.874,47.4207585927653
4,2023,L102/144,46946.6200000001,103499.579,45.3592376448218
4,2023,L143/136/137,80982.63,171988.997,47.0859365497665
4,2023,L122,105313.27,233679.283,45.0674397182228
4,2023,L130,28647.4,61249.085,46.7719640219932
4,2023,L107,93902.09,198609.76,47.2796956201951
3,2023,L143/136/137,91126.01,182665.387,49.8868513058798
3,2023,L142,157957.12,333471.254,47.3675371131091
3,2023,L146,71468.1000000001,154608.752,46.2251321969148
3,2023,L140,56579.32,118805.496,47.6234870481076
2,2023,L143/136/137,70341.33,139451.289,50.4415057791255
2,2023,L101,34979.74,71262.502,49.0857590153094
2,2023,L102/144,38647.99,77464.857,49.8909976687881
2,2023,L133/125,57104.31,128613.273,44.4000130530851
1,2023,L133/125,65078.64,152792.74,42.5927566977332
1,2023,L107,94140.61,186510.251,50.4747645211201
1,2023,L102/144,46491.56,94598.371,49.1462585544945
12,2022,L102/144,47148.1,91337.255,51.6197908509512
11,2022,L107,100513.97,204148.397,49.2357380597018
11,2022,L133/125,76133.46,174795.97,43.5556151552007
10,2022,L133/125,65921.6400000001,155238.021,42.464880430291
9,2022,L133/125,74889.27,173755.481,43.1003785141028
9,2022,L103,103934.59,216401.584,48.0285717317116
8,2022,L133/125,75535.9400000001,172910.906,43.6848905296929
8,2022,L110,117206.3,248098.516,47.2418383993881
7,2022,L133/125,71194.76,167949.694,42.3905267728562
6,2022,L133/125,71197.91,166272.905,42.8199110372192
6,2022,L130/146,71521.1,152231.625,46.9817621666983
6,2022,L103,98341.68,197554.32,49.7795644256223
5,2022,L103,95554.2899999999,201361.479,47.4541061550307
5,2022,L133/125,67646.96,159646.452,42.3729805157211
5,2022,L143/136/137,79232.5,167382.788,47.3361096124172
4,2022,L145/133,101862.76,224972.317,45.2779085704132
4,2022,L133/125,66712.14,155392.753,42.9313070989868
4,2022,L102/144,44845.47,99620.2509999999,45.0164194025169
3,2022,L133/125,71237.4,164567.579,43.2876271455631
3,2022,L128,54849.4,112323,48.8318510011307
3,2022,L145/133,114706.66,245577.581,46.7089298350895
3,2022,L143/136/137,89179.55,183958.063,48.4781958157496
2,2022,L143/136/137,63265.5000000001,131991.294,47.9315703958476
2,2022,L133/125,50394.96,111517.581,45.1901480897439
1,2022,L143/136/137,68315.14,140082.172,48.7679045981669
12,2021,L143/136/137,83761.1299999999,167025.634,50.1486675991302
12,2021,L133/125,70778.7299999999,154709.059,45.7495704889524
11,2021,L133/125,69221.21,165528.436,41.8183193611519
11,2021,L102/144,50879.2,118835.094,42.8149617149291
10,2021,L133/125,69428.92,164876.322,42.109697231116
10,2021,L103,97760.1900000002,210089.003,46.5327497413085
10,2021,L143/136/137,78370.3599999999,168453.66,46.5233940301445
10,2021,L130/146,69059.13,155319.779,44.4625471685741
9,2021,L130/146,71662.81,161065.461,44.4929717116695
9,2021,L103,94406.8299999998,207278.639,45.545855788835
9,2021,L133/125,68800.38,165428.344,41.5892333420203
9,2021,L143/136/137,75533.4,161228.49,46.8486679990614
8,2021,L143/136/137,76540.5299999999,166467.568,45.9792444375711
8,2021,L130/146,64999.3799999999,141606.68,45.90135154641
8,2021,L102/144,40768.32,89589.999,45.5054363824694
7,2021,L102/144,35898.95,73765.33,48.666426355037
7,2021,L133/125,62603.3500000001,139367.517,44.9196135136712
7,2021,L143/136/137,70897,142491.85,49.7551263458226
6,2021,L143/136/137,71360.54,151479.415,47.1090675917912
6,2021,L145/133,86517.83,184796.499,46.8178945316491
6,2021,L102/144,32200.87,71181.468,45.2377155244958
5,2021,L143/136/137,58166.54,137178.398,42.4021134872854
4,2021,L143/136/137,78589.93,181885.687,43.2084191429532
4,2021,L102/144,45709.71,105542.653,43.3092296817667
3,2021,L102/144,50690.11,115986.079,43.7036155002706
3,2021,L133/125,80933.1400000001,194809.23,41.5448179739738
3,2021,L130/146,74763.57,160566.343,46.5624168820984
2,2021,L133/125,75607.2500000001,201056.95,37.6048925441275
1,2021,L133/125,18821.31,48374.511,38.9074940726533
1,2021,L143,63235.8400000001,144589.55,43.7347235675054
1,2021,L103,83705.04,188150.714,44.4882925078881
1,2021,L101,22947.25,57246.253,40.0851563158204
12,2020,L101,24866.82,71838.961,34.6146710000441
12,2020,L144,12228.09,32026.26,38.1814485987437
12,2020,L129,25249.98,65380.297,38.6201671736059
12,2020,L145,51063.28,129207.587,39.5203417892171
12,2020,L125,19153.37,48705.81,39.3246103493608
11,2020,L125,9823.24,25619.17,38.3433186945557
11,2020,L143,44806.06,118899.699,37.6839137330365
11,2020,L144,7403.18,21091.783,35.0998301091947
11,2020,L128,20117.77,51759.385,38.8678690830658
10,2020,L128,32029.15,82176.7070000001,38.9759472839426
10,2020,L130,14253.37,36893.132,38.6342097493918
9,2020,L130,7256.68,19493.197,37.226730946186
9,2020,L125,6488.29,18897.453,34.3342036622607
8,2020,L125,15313.76,41768.003,36.6638548651704
8,2020,L144,11247.99,30036.533,37.4476974423113
7,2020,L144,1337.61,4006.695,33.3843729058488
6,2020,L144,11246.47,30849.959,36.4553807024509
6,2020,L143,53364.55,145331.539,36.719180411349
4,2020,L143,52345.98,156433.577,33.4621128045931
3,2020,L144,26531.87,59932.284,44.2697461688595
9,2019,L144,33896.53,77161.5870000001,43.9292805110397
8,2019,L144,33097.78,75796.5420000001,43.6666094872771
7,2019,L144,30761.55,66422.748,46.3117695762904
7,2019,L130,38132.8,87306.325,43.6770188185106
6,2019,L144,30781.03,70716.614,43.527296145712
5,2019,L144,33943.11,72367.915,46.9035345290796
4,2019,L144,31652.1,71883.435,44.0325368424589
4,2019,L130,36808.55,85955.0340000001,42.8230300042695
3,2019,L144,32031.65,72640.609,44.0960647783116
2,2019,L144,22331.46,53578.673,41.6797556744266
2,2019,L125,27813.08,71110.73,39.1123533677688
6,2023,L142,136480.41,293366.907,46.5220877827232
6,2023,L130,27725.01,59067.979,46.93746166599
5,2023,L130,29746.03,65511.981,45.4054808692169
3,2023,L130,32350.67,65364.647,49.4926102790703
3,2023,L126,24591.27,49359.906,49.8203339366165
3,2023,L145/133,106357.14,224165.63,47.4457837269702
2,2023,L107,77990.38,149701.417,52.0972890991406
2,2023,L146,45203.35,94629.951,47.7685442318363
1,2023,L130/146,64539,131719.536,48.9972876916299
12,2022,L130/146,71072.74,140735.082,50.5010825943172
12,2022,L142,147838.6,295596.846,50.0135918229655
12,2022,L103,107562.75,205969.548,52.2226470099356
11,2022,L145/133,112467.89,235860.08,47.6841566406659
11,2022,L143/136/137,85683.5,177852.743,48.1766536487997
11,2022,L110,121093.45,248030.763,48.8219479452232
11,2022,L102/144,51683.57,104892.302,49.2729866868591
11,2022,L128,53015.97,108890.382,48.6874680997997
10,2022,L143/136/137,73814.9600000001,157197.909,46.9567060208162
10,2022,L145/133,96762.49,204762.275,47.2560143219741
10,2022,L122,98839.4900000002,212520.972,46.5081112089024
10,2022,L107,87551.84,178633.905,49.0118827106198
9,2022,L107,101060.41,218730.883,46.2030823512015
9,2022,L143/136/137,82740.7000000001,179386.513,46.1242590740364
9,2022,L142,146401.83,331158.303,44.2090168580191
9,2022,L145/133,111501.37,249211.969,44.7415790049795
8,2022,L122,109611.8,251841.217,43.524170231436
8,2022,L102/144,48935.97,101977.7,47.9869324371897
8,2022,L126,24940.95,58862.722,42.3713840484645
8,2022,L128,52043.45,109867.905,47.3691111157531
8,2022,L145/133,110609.76,235827.438,46.9028374891645
7,2022,L145/133,104363.76,229148.229,45.5442140903477
7,2022,L128,50190.78,105817.023,47.4316689102093
6,2022,L145/133,105364.36,224731.808,46.8844890884338
5,2022,L145/133,103199.39,223413.073,46.1921894785449
4,2022,L101,38530.56,84352.562,45.6779961229867
4,2022,L130/146,69843.78,155568.446,44.8958524661228
3,2022,L130/146,76207.85,163337.547,46.656663700233
2,2022,L102/144,32270.15,66254.158,48.7066034406475
12,2021,L102/144,50395.65,98706.066,51.0562846259115
11,2021,L145/133,106558.28,242988.884,43.8531500889563
11,2021,L143/136/137,79709.4599999999,171603.334,46.4498317963915
9,2021,L102/144,52417.03,119706.223,43.7880577018957
8,2021,L103,91841.0999999999,195418.376,46.9971667352306
7,2021,L130/146,60448,121040.636,49.9402531229265
5,2021,L145/133,66567.6499999999,165654.979,40.1845150697221
4,2021,L128,50966.68,114476.484,44.5215281070302
4,2021,L130/146,68670.71,153987.802,44.5949023936325
3,2021,L143/136/137,86438.6899999999,188968.122,45.7424718440076
3,2021,L103,98106.93,212500.945,46.1677617480713
2,2021,L130/146,63772.74,139077.213,45.8541975528371
2,2021,L102/144,33021.64,77311.162,42.7126421925983
2,2021,L125,14.57,323.771,4.50009420238378
10,2020,L125,14036.1,37108.542,37.8244448407593
7,2020,L125,1664.38,6513.385,25.5532261642756
6,2020,L125,13799.13,36846.223,37.4505956824937
5,2020,L125,3944.3,10739.953,36.7254866012915
3,2020,L125,28342.67,63953.824,44.3173968768467
2,2020,L125,28794.53,58100.947,49.5594848049551
1,2020,L125,32250.16,65121.596,49.5229877351286
12,2019,L125,34697.67,69475.995,49.9419547715725
11,2019,L125,35797.61,77513.753,46.1822691000395
10,2019,L125,35396.97,84783.93,41.7496216558964
9,2019,L125,34156.63,77208.565,44.2394312081827
8,2019,L125,35652.5,76741.242,46.458070094826
8,2019,L130,41443.04,84001.958,49.335802386892
7,2019,L125,34431.7,78700.858,43.7500948210755
6,2019,L125,33338.79,75179.106,44.3458186374283
5,2019,L125,33648.34,76484.865,43.9934619744704
5,2019,L130,38373.68,84265.7579999999,45.5388771320375
4,2019,L125,32844.11,77078.73,42.611119825145
3,2019,L129,41310.52,92707.591,44.5600188230541
6,2023,L143/136/137,74831.74,160481.593,46.6294847908196
5,2023,L143/136/137,87038.5600000001,191562.73,45.4360615971594
5,2023,L142,151904.07,332390.264,45.7005172690617
5,2023,L126,25829.24,59837.84,43.1653950075738
4,2023,L126,23047.94,51368.622,44.8677404661547
4,2023,L145/133,100978.94,213853.921,47.2186525866878
4,2023,L140,49807.67,109006.498,45.6923861548144
3,2023,L102/144,54805.19,111873.295,48.9886259272153
3,2023,L122,114896.64,235422.811,48.8043786037368
3,2023,L101,129204.54,291633.726,44.303703063479
3,2023,L128,54692.82,107099.465,51.0673139216895
3,2023,L110,116111.03,236647.331,49.0650072026378
1,2023,L110,100540.06,207370.678,48.4832575992253
1,2023,L143/136/137,77655.94,150747.814,51.5138083528031
12,2022,L143/136/137,81173.34,161040.308,50.4056040429332
11,2022,L142,156455.12,334297.461,46.801169094132
11,2022,L103,113184.9,228478.747,49.5384807060414
10,2022,L140,46892.12,100410.76,46.7002938728877
10,2022,L138,40033.97,87004.543,46.0136547122602
10,2022,L110,102304.06,218270.958,46.8702116568344
10,2022,L101,40323.52,89804.586,44.9014040329744
9,2022,L101,45524.9,101477.994,44.8618446281072
9,2022,L140,50914.6,110230.398,46.189255344973
9,2022,L130/146,74056.5299999999,164466.825,45.0282480980586
9,2022,L110,118379.16,251513.148,47.0667879358736
9,2022,L102/144,50020.38,110608.349,45.222969560824
8,2022,L142,147622.58,321482.637,45.9193010787703
8,2022,L107,101711.4,207718.44,48.9659945453085
8,2022,L130/146,75126.56,159868.088,46.9928432496172
8,2022,L140,52442.5,114394.52,45.8435421556907
7,2022,L142,136379.08,300319.41,45.4113438755091
7,2022,L110,108846.9,229691.459,47.3883097237847
6,2022,L110,107396.83,229438.521,46.8085435400798
5,2022,L102/144,46732.46,101644.334,45.976453542408
3,2022,L107,91075.39,196573.479,46.331473840375
2,2022,L107,68773.16,141777.431,48.5078333800533
1,2022,L102/144,34138.1,71416.253,47.801583765533
12,2021,L128,52860.39,103578.585,51.0340916512811
12,2021,L110,107197.13,220945.734,48.5174020151029
11,2021,L142,136047.79,311304.552,43.7024737113385
10,2021,L142,130421.66,305437.137,42.7000008188264
10,2021,L102/144,52386.04,119087.612,43.9894957336117
9,2021,L145/133,101715.99,233289.384,43.6007795365433
9,2021,L128,48788.34,108055.924,45.1510090275106
8,2021,L133/125,66471.14,159117.883,41.7747765032796
8,2021,L128,46470.57,100153.938,46.3991440855775
6,2021,L130/146,59475.4,127958.848,46.4800996020221
6,2021,L133/125,62279.76,144743.839,43.0275723169122
5,2021,L133/125,56264.41,145608.812,38.6408001186082
4,2021,L133/125,75501.61,186604.233,40.4608238442265
1,2021,L143/136/137,19164.09,42231.157,45.3790314103874
1,2021,L129,18347.56,42182.086,43.4960945269516
12,2020,L103,83802.8700000001,205792.84,40.72195611859
10,2020,L129,20052.58,55655.105,36.0300820562642
9,2020,L129,10065.65,29596.957,34.0090705946561
8,2020,L129,18891.22,49111.575,38.4659217302642
1,2020,L143,102290.75,218424.663,46.8311355480951
12,2019,L145,72468.82,150741.3,48.0749602132926
12,2019,L129,41041.04,80918.6,50.7189200010876
12,2019,L144,27545.38,58319.761,47.2316407469502
12,2019,L130,34769.68,64216.423,54.1445293519385
11,2019,L128,73050.33,153491.731,47.5923553171734
11,2019,L144,33147.99,71971.603,46.0570400245219
10,2019,L144,33361.78,76001.4979999999,43.8962137298926
9,2019,L130,36358.92,78749.388,46.1704159529469
7,2019,L129,41296.99,90782.846,45.4898604963321
3,2019,L143,104335.65,236564.316,44.1045597088278
1,2019,LI41,159332.66,280138.69,56.8763493539576
7,2023,L130,29410.11,64085.772,45.8917932673106
5,2023,L103,101079.34,256745.839,39.3694170054299
4,2023,L101,44198.43,110780.576,39.8972740491979
12,2022,L145/133,103650.25,201315.988,51.4863479198681
11,2022,L130/146,78716.7600000001,163174.225,48.2409277568196
10,2022,L142,135649.67,290653.458,46.6705852851061
10,2022,L130/146,68171.8,142839.686,47.7260920329942
7,2022,L130/146,68303.37,147200.382,46.4016255066512
6,2022,L142,135426.86,293781.91,46.0977532619352
6,2022,L143/136/137,81999.8300000001,170808.584,48.0068554400054
5,2022,L128,49949.37,100469.201,49.716101554346
5,2022,L107,89670.9,194991.622,45.9870527155264
5,2022,L130/146,69100.29,149075.238,46.35262765772
4,2022,L143/136/137,80833.33,170592.269,47.3839350832481
3,2022,L102/144,50519.41,106091.404,47.6187590089769
1,2022,L145/133,87229.03,190369.982,45.8207901705847
12,2021,L145/133,109904.62,227361.594,48.3391315421548
10,2021,L145/133,105405.88,240749.664,43.7823580929276
6,2021,L103,80657.27,171529.629,47.022354371209
6,2021,L128,39390.8,76690.57,51.3632901672266
5,2021,L128,35241.04,79647.833,44.2460750940958
2,2021,L103,79945.23,175965.467,45.4323404262042
2,2021,L143/136/137,75101.37,166334.931,45.1506905666135
2,2021,L110,78465.65,181086.43,43.3304969345301
1,2021,L110,79103.73,187340.104,42.2246642929162
1,2021,L130/146,15030.2,35296.15,42.5831145889849
1,2021,L145,39692.26,98262.4059999999,40.3941462617963
6,2020,L130,15249.64,38464.237,39.6462823375386
3,2020,L130,29516.66,62689.791,47.0836790634698
2,2020,L130,30854.16,61176.604,50.4345746292161
11,2019,L130,38387.09,72368.733,53.0437502615944
11,2019,L143,108903.75,230395.597,47.2681559101148
10,2019,L130,37873.36,80340.693,47.140942635384
6,2019,L130,35773.65,80139.38,44.6392896975245
1,2021,L146,33952.68,93981.917,36.1268221417531
12,2020,L146,44741.32,136100.622,32.8737072193542
12,2020,L142,107781.43,268881.981,40.0850326969289
11,2020,L146,27645.21,85187.055,32.4523602793875
11,2020,L107,38226.19,118763.543,32.1868050029461
10,2020,L146,47784.78,139383.251,34.2830143917363
9,2020,L146,20301.53,55969.476,36.2725032480204
8,2020,L146,37386.89,111002.563,33.6811051831299
8,2020,L142,79762.8,220830.372,36.1194881291057
7,2020,L142,8611.19,26491.982,32.5048914799957
6,2020,L142,76436.2500000001,203352.102,37.5881287915086
6,2020,L107,54440.48,146836.556,37.0755631179472
6,2020,L146,37339.8400000001,108360.213,34.4589946496322
5,2020,L146,12993.01,37255.533,34.8753834765967
4,2020,L146,42262.31,116685.349,36.2190372332006
3,2020,L146,60717.75,151751.993,40.0111713854065
2,2020,L146,67032.5,157881.538,42.4574657994527
2,2020,L107,90190.2499999999,188604.483,47.8197806146527
1,2020,L146,69065.3199999999,173489.19,39.8095812194407
1,2020,L142,149165.11,302348.925,49.3354193338044
12,2019,L146,66406.3299999999,172950.968,38.3960441319993
12,2019,L102,41768.61,81177.41,51.4534893389676
11,2019,L102,45424.53,94761.6540000001,47.9355605169154
10,2019,L102,43806.91,104159.54,42.057511006673
9,2019,L102,43321.26,107287.67,40.378600821511
8,2019,L102,45786.42,112043.431,40.8648856888362
7,2023,L107,93764.7500000002,198852.483,47.1529188800726
6,2023,L103,95119.3,226512.846,41.9928943014561
6,2023,L101,41308.85,89497.479,46.1564397808345
6,2023,L146,61361.4400000001,139559.073,43.9680765148104
5,2023,L101,45094.72,98304.9459999999,45.8722799156007
5,2023,L102/144,48364.7,105035.351,46.0461164165577
5,2023,L140,50078.14,113257.908,44.2160206596787
4,2023,L146,64424.54,147761.536,43.6003453564532
4,2023,L142,142077.05,315376.401,45.0499940862729
3,2023,L107,100926.85,204734.93,49.2963511404722
3,2023,L138,50677.28,104352.943,48.5633452618581
11,2022,L140,53478.5,115073.765,46.4732339295581
11,2022,L138,47199.6,100481.249,46.973540307008
11,2022,L101,48831.25,99997.989,48.8322320161858
11,2022,L126,26295.06,56887.437,46.2229648349247
9,2022,L126,25880.43,56688.985,45.6533663462135
8,2022,L143/136/137,87847.4699999999,185857.799,47.2659584223312
8,2022,L103,102508.24,212067.571,48.3375367184264
8,2022,L138,44658.49,101487.417,44.0039675066319
6,2022,L128,51848.6,105415.836,49.1848302564332
6,2022,L140,50232.02,102535.293,48.9899804548274
6,2022,L102/144,47179.81,98429.834,47.9324286983964
4,2022,L142,124060.63,277235.662,44.7491600124661
2,2022,L130/146,55724.85,113280.37,49.1919738609611
12,2021,L130/146,71771.5900000001,145014.503,49.4926979820771
11,2021,L130/146,70566.9400000001,157385.681,44.8369505736676
9,2021,L101,37572.19,88074.404,42.6596017612564
8,2021,L145/133,98426.4899999999,219502.936,44.8406257308558
7,2021,L128,41998.19,73801.184,56.9072035483875
7,2021,L145/133,90552.3300000001,175963.737,51.4607904695728
6,2021,L101,24771.61,54097.937,45.7903043511622
1,2021,L130,13821.73,28420.007,48.6338022365723
12,2020,L130,18490.29,44419.396,41.626612842732
12,2020,L128,38412.51,89786.54,42.7820361492937
11,2020,L130,9346.93999999999,23799.931,39.2729710014705
11,2020,L103,49019.41,129364.279,37.8925390988342
10,2020,L103,72299.01,193231.694,37.4157098679681
8,2020,L130,15588.67,37008.755,42.1215736654746
7,2020,L130,1879.9,5052.968,37.2038770085225
2,2020,L144,26513.03,56150.397,47.2178852092533
11,2023,L143/136/137,36960.41,79595.179,46.4354882599109
10,2023,L143/136/137,86138.7399999999,186391.861,46.2137882726542
10,2023,L145/133,108265.15,232583.671,46.5489041145972
10,2023,L146,67892.81,155827.332,43.5692565152819
9,2023,L146,67180.26,154457.934,43.4942111811492
9,2023,L143/136/137,87601.6400000001,187327.461,46.7639071881726
9,2023,L126,23951.24,56460.489,42.421240807886
9,2023,L145/133,108102.78,230806.468,46.8369803224058
8,2023,L145/133,113727.18,242150.031,46.9655855629439
8,2023,L107,100347.37,212229.201,47.2825461940085
8,2023,L142,153107.66,334366.763000001,45.7903347289335
8,2023,L146,70208.6400000001,160820.476,43.6565304035041
8,2023,L126,26451.12,60797.1070000001,43.5072017489253
8,2023,L122,112394.03,244698.938,45.9315561067127
7,2023,L126,23874.97,55656.912,42.8966846022647
7,2023,L122,106894.98,237501.962,45.008040817785
7,2023,L138,42572,95798.573,44.4390753085644
7,2023,L140,48152.82,109416.792,44.0086198103853
7,2023,L145/133,105146.04,226843.67,46.3517628682343
6,2023,L145/133,95602.01,202882.777,47.121796839364
6,2023,L126,21603.54,51013.465,42.3487014653876
5,2023,L122,108500.07,236681.484,45.8422298890099
5,2023,L138,46629.26,103172.446,45.1954584851076
4,2023,L128,50335.57,104142.511,48.3333554344584
12,2022,L140,49792.59,98522.257,50.5394329323982
12,2022,L138,42270.49,87274.9410000001,48.4337079070612
11,2022,L122,113667.47,246471.608,46.117875775777
10,2022,L102/144,44709.91,92008.6839999999,48.593141490862
10,2022,L103,96828.36,203195.036,47.6529160879698
9,2022,L128,52958.58,111390.183,47.5433099880983
8,2022,L101,46131.7200000001,102906.799,44.8286414972446
7,2022,L143/136/137,81458.01,171877.264,47.3931269932247
7,2022,L102/144,45331.47,96170.8699999999,47.1363833975923
7,2022,L138,41585.72,89805.851,46.3062479080567
4,2022,L103,95588.4300000001,198342.433,48.1936359024093
3,2022,L103,103616.72,210527.837,49.2175863660254
10,2021,L128,51598.2800000001,115048.618,44.8491089219342
3,2021,L145/133,99447.3300000001,219368.609,45.3334369276144
1,2021,L144,9907.92,23805.461,41.6203660160163
10,2020,L145,41385.48,123446.834,33.5249424055703
10,2020,L144,12031.83,32501.695,37.0190846969673
9,2020,L144,5806.39,17772.691,32.6702917414138
3,2020,L128,56621.22,126277.428,44.8387498041217
2,2019,203M,294000.62,626322.077999998,46.9408041528437
1,2019,203M,321590.07,657808.617999999,48.8880901222854
9,2023,L103,101880.74,249884.369,40.7711536370648
3,2023,L103,113679.92,234140.751,48.5519583901906
2,2023,L142,124729.96,250190.304,49.8540343114175
2,2023,L103,89080.73,180042.354,49.4776523528458
2,2023,L130/146,10007.97,20276.445,49.3576166828061
12,2022,L128,50082.96,94170.529,53.1832628868423
12,2022,L107,100311.67,189898.47,52.8238431831494
4,2022,L107,88438.6900000001,190166.344,46.5059632213364
12,2021,L103,104810.37,198896.457,52.6959462128579
11,2021,L103,103726.79,212236.796,48.8731416770916
7,2021,L103,88832.7200000001,175980.452,50.4787429458359
5,2021,L102/144,32444.95,79181.1129999999,40.9756175061597
5,2021,L130/146,51770.92,121577.722,42.5825711720442
1,2021,L102/144,8304.69,19840.62,41.8570085007424
5,2020,L144,3859.46,10796.045,35.7488320954572
1,2020,L144,23588.87,50536.987,46.6764470940858
7,2019,L128,60677.65,146392.101,41.448718602652
1,2019,L130,34686.93,66340.67,52.2860712742275
9,2022,L122,109155.34,243824.539,44.7679878521169
7,2022,L122,102129.84,226877.65,45.0153816385175
7,2022,L107,91098.9300000001,190088.921,47.9243764027679
5,2022,L138,32335.09,70697.642,45.7371548544717
12,2021,L142,140905.76,291447.336000001,48.3469027145267
12,2020,L143,77096.2200000001,193478.595,39.8474156792384
3,2020,L129,32903.33,73185.304,44.9589305525055
1,2020,L101,46378.89,99749.517,46.4953529549421
7,2019,L143,97551.0199999999,234669.122,41.5696019862382
10,2023,L122,114359.27,247720.738,46.1645928085359
9,2023,L142,155984.74,339629.976,45.9278482533003
8,2023,L130,32326.19,69580.75,46.4585248075078
8,2023,L140,51117.96,115322.408,44.326129575789
8,2023,L102/144,51253.23,108077.914,47.4224826359991
7,2023,L102/144,46595.19,101113.746,46.0819540797153
2,2023,L130,22049.22,41990.787,52.5096612264019
2,2023,L126,17772.8,39176.991,45.3654033817962
10,2022,L128,47862.79,99279.058,48.2103587243948
6,2022,L138,42386.37,90468.804,46.8519181484924
3,2022,L110,110739.77,229345.121,48.2852085612931
4,2021,L101,34156.55,83428.541,40.9410851377588
3,2021,L101,34595.01,81166.139,42.6224660014936
9,2020,L145,17284.08,49459.308,34.9460611135117
8,2020,L145,36110.9000000001,98392.3360000001,36.7009276007026
1,2020,L129,39645.79,78203.503,50.6956702438252
12,2019,L143,107168.77,230438.309,46.5064903769971
12,2019,L110,104212.48,231340.878000001,45.0471533180573
10,2019,L143,106519.06,245697.33,43.3537718948757
11,2023,L146,29557.76,67214.2000000001,43.975469469249
11,2023,L102/144,22330.01,46358.215,48.1683990636827
11,2023,L145/133,48444.68,101512.494,47.7228743882501
11,2023,L140,21665.58,49250.389,43.9906779213459
10,2023,L140,48946.1,112405.739,43.5441290057263
10,2023,L130,30983.49,64865.872,47.7654721114364
10,2023,L107,99762.1000000001,208889.896,47.7582218720623
10,2023,L128,54135.96,114421.758,47.3126448555352
2,2023,L110,88966.3,179673.41,49.5155627090286
1,2023,L142,136696.5,283176.494,48.2725448249953
1,2023,L101,39273.12,82884.005,47.3832315414778
12,2022,L101,43529.38,86539.883,50.299790675705
12,2022,L110,109660.55,222611.485,49.2609579420397
5,2022,L110,101755.46,216220.572,47.0609521835878
4,2022,L110,99923.5500000001,210028.685,47.5761441824006
3,2022,L101,42569.01,94060.2819999999,45.2571575322303
2,2022,L110,81598.2,165034.149,49.4432215965194
12,2021,L101,37013.51,78078.32,47.4056178462856
11,2021,L110,108836.3,228126.33,47.7087848649474
11,2021,L101,38604.73,84595.3439999999,45.6345800780715
10,2021,L101,36295.53,84140.664,43.1367287522238
4,2021,L110,86813.3400000001,198112.468,43.8202304359764
12,2020,L110,78671.74,198374.229,39.6582461323643
11,2020,L110,44730.24,119159.574,37.5380999599747
6,2020,L110,51275.56,134059.258,38.2484289149205
5,2020,L110,15347.57,41557.914,36.9305591228665
5,2020,L101,6942.36,19901.717,34.8832213823561
4,2020,L101,19803.24,60761.053,32.5919960603711
3,2020,L101,40808.46,98187.5700000001,41.5617373971064
3,2020,L110,86135.9100000002,199516.408,43.1723440009005
3,2020,L143,88098.81,201359.333,43.7520370610286
2,2020,L101,40906.18,88588.4540000001,46.1755207964234
12,2019,L101,49915.2100000001,104874.978,47.5949658840453
11,2019,L101,57166.6399999999,120809.886,47.3195049617048
10,2019,L101,57714.5500000001,128715.444,44.8388695299067
9,2019,L101,58473.7400000001,130683.258,44.7446297979502
9,2019,L129,41545.28,87981.927,47.2202433120157
8,2019,L129,44059.06,88053.539,50.0366714391798
8,2019,L133,87711.64,214822.051,40.8299053061364
8,2019,L101,61978.71,134031.902,46.2417596670381
8,2019,L110,121152.59,272880.166,44.3977265830306
7,2019,L110,115572.18,271983.734,42.4923131616394
7,2019,L101,56081.2300000001,129650.247,43.2557833846627
2,2019,L142,119716.42,270066.989,44.3284166062961
1,2019,L102,45903.49,136543.46,33.6182267535919
1,2019,L142,133580.28,282893.911,47.2192135658939
6,2021,L107,68550.0400000001,159076.269,43.0925620967386
5,2021,L107,57689.12,138919.957,41.5268772362203
4,2021,L107,81207.0199999999,182876.394,44.405414074383
4,2021,L145/133,94254.9,221379.241,42.5762142711475
3,2021,L107,86279.5899999999,194180.725,44.4326232688646
2,2021,L107,70288.27,165073.087,42.5800905995052
1,2021,L107,67953.1000000001,181472.684,37.4453600961785
12,2020,L107,66244.07,187681.696,35.295967274294
10,2020,L107,57628.89,175375.131,32.8603546417308
9,2020,L107,24560.02,73334.1710000001,33.490553810174
8,2020,L107,51285.5300000001,147261.633,34.8261315287737
7,2020,L107,7552.98,25354.212,29.7898432023839
5,2020,L107,16460.21,46994.935,35.0254979605781
4,2020,L107,50494.06,144775.237,34.8775529892588
3,2020,L107,77830.9,183149.337,42.495867730059
1,2020,L107,92102.5800000001,199832.681,46.0898485368367
12,2019,L107,96448.64,207669.526,46.4433284255678
11,2019,L107,99164.4199999998,214248.325,46.2848052604378
11,2019,L146,68745.7899999999,178088.915,38.6019477966946
10,2019,L107,99523.56,225954.081,44.0459227642806
10,2019,L142,159344.6,362453.646,43.9627526881052
9,2019,L107,100666.54,219959.054,45.7660360732412
9,2019,L142,152817.07,336917.305000001,45.3574416428386
8,2019,L142,156427.08,343659.867,45.5179946862984
8,2019,L146,72105.2400000001,187279.27,38.501452937103
8,2019,L107,105204.67,222521.239,47.2784847292712
7,2019,L142,150840.75,342001.715,44.1052612850201
1,2019,L103,98347.33,202434.661,48.5822583514984
10,2023,L142,154413.62,335203.611,46.0656195019331
9,2023,L122,111600.34,245571.325,45.4451837974161
8,2023,L143/136/137,88781.7199999999,189892.419,46.753693732239
7,2023,L142,143394.22,316718.828000001,45.2749275770873
7,2023,L143/136/137,83669.93,183550.951,45.5840351380146
6,2023,L102/144,44336.84,92766.039,47.7942579827085
6,2023,L128,47543.36,98517.96,48.2585713305473
3,2023,L133/125,77346.93,172474.883,44.8453297399831
2,2023,L140,40827.8199999999,82751.786,49.337690427612
2,2023,L138,40712.85,81302.314,50.07588098907
12,2022,L133/125,69854.8899999999,153567.203,45.4881567387796
5,2022,L142,131015.84,296289.267,44.2188950435386
1,2022,L133/125,54524.31,122706.358,44.4347879675477
1,2022,L107,67915.19,148034.838,45.8778426197217
1,2022,L142,112111.02,237999.086,47.1056514897708
1,2022,L130/146,59021.12,123738.007,47.6984569502562
1,2022,L110,89453.02,183222.547,48.8220590012865
10,2021,L110,100102.33,213669.801,46.849077188966
9,2021,L110,103424.09,228623.88,45.2376584633241
8,2021,L110,95096.2000000001,214530.732,44.3275418460792
5,2021,L103,63494.99,149625.683,42.4358898331646
4,2021,L103,90583.05,201331.666,44.9919537247559
1,2021,L133,37768.31,97544.29,38.7191397876801
11,2020,L129,13519.18,35108.63,38.5067147308226
10,2020,L110,68975.1,181740.583,37.9525028815385
10,2020,L143,65654.47,180063.15,36.4619135009023
9,2020,L110,25524.17,70670.508,36.1171452170685
8,2020,L110,58241.09,153866.228,37.8517695254088
7,2020,L110,6967.92,17783.562,39.1818017110408
2,2020,L110,88467.17,201233.368,43.9624754479089
1,2020,L110,99860.81,219827.161,45.4269661427325
11,2019,L133,92254.17,202651.843,45.5234793990993
11,2019,L103,102493.65,234749.896,43.6607861159606
11,2019,L129,41568.72,81594.603,50.9454283391758
11,2019,L110,109763.47,242283.919,45.3036546763138
10,2019,L110,116076.87,254793.416,45.5572486221544
10,2019,L133,91496.7400000001,219184.638,41.7441390212758
8,2019,L143,108091.78,241979.995,44.6697174285006
6,2019,L143,99303.14,232182.963,42.7693482402497
6,2019,L101,54787.11,123743.103,44.2748797078412
5,2019,L101,57587.06,129341.675,44.5232056875713
4,2019,L101,58066.0499999999,131028.723,44.31551240868
3,2019,L101,55393.42,124603.239,44.455842757025
11,2023,L128,23392.67,46581.828,50.2184456994689
11,2023,L142,69657.9400000001,151049.119,46.1160849273143
10,2023,L110,112368.8,241420.399,46.5448654982962
9,2023,L107,98783.8000000001,210142.507,47.008004905928
7,2023,L146,67523.17,154854.377,43.6043018661332
4,2023,L103,103756.79,264215.013,39.2698313475472
2,2022,L142,107339.51,223589.706,48.007357726925
2,2021,L145/133,82277.3799999999,190566.414,43.1751735644247
1,2021,L145/133,18603.03,44042.773,42.238552963048
8,2020,L128,35474.03,93791.583,37.8221892256579
7,2020,L128,3058.73,10864.95,28.15226945361
1,2020,L130,34615.72,68315.55,50.6703378659764
9,2019,L143,98783.4900000001,231304.458,42.7071275902517
3,2019,L130,36387.84,81523.151,44.6349773698026
3,2019,L103,91812.6700000001,247215.674,37.1386929131363
11,2023,L138,18762.22,40870.978,45.9059726928972
10,2023,L102/144,49536.12,104462.881,47.4198294416176
9,2023,L128,53194.12,110652.085,48.073310141422
8,2023,L103,103770.16,253364.506,40.9568655208556
7,2023,L110,108795.98,236444.547,46.013317448171
4,2023,L138,45303.57,98930.885,45.7931514511368
1,2023,L140,47942.55,94496.5239999999,50.7347233216748
1,2023,L145/133,99755.53,201143.735,49.5941521618856
7,2022,L103,96600.26,204357.204,47.2702983350663
5,2022,L101,40149.66,96384.9180000001,41.6555420008761
8,2021,L101,32500.55,74862.535,43.4136380767763
6,2021,L110,76377.9299999999,160543.52,47.5745953495973
5,2021,L110,60112.05,144602.134,41.5706520624377
3,2021,L110,95984.69,207988.288,46.1490841253523
10,2020,L102,14807.27,39611.8,37.3809571895243
7,2020,L102,825.36,2689.083,30.6929908820219
4,2020,L102,14290.44,42972.197,33.2550835136495
4,2020,L110,46550.44,136159.672,34.1881258350857
12,2019,L133,90712.6899999998,198174.311,45.7741921958794
10,2019,L103,105818.52,250740.878,42.2023408564438
9,2019,L110,114946.61,258501.665,44.4664872854881
6,2019,L110,110217.5,259309.438,42.5042377362292
5,2019,L110,115916.12,260707.147,44.462194970052
5,2019,L129,40083.59,87277.103,45.9268108383478
4,2019,L129,39389.69,85038.826,46.3196540366162
4,2019,L110,114606.59,257781.606,44.4587927658423
10,2023,L103,102031.72,226347.659,45.077435503762
10,2023,L138,44569.09,97777.7159999999,45.582052663206
9,2023,L138,43722.61,98971.2720000001,44.1770719083008
9,2023,L130,30973.18,67146.358,46.1278629587028
9,2023,L102/144,48887.91,108427.004,45.088315822136
8,2023,L128,54647.26,113714.229,48.0566596463491
7,2023,L133/125,68341.01,170907.348,39.987168954257
7,2023,L101,42217.88,95152.1029999999,44.3688354423443
2,2023,L145/133,87178.6599999999,174726.545,49.8943420417315
1,2023,L128,47222.61,91165.305,51.7988833580933
6,2022,L122,99727.3900000001,227368.577000001,43.8615534810687
2,2022,L128,37291.49,75789.121,49.2042782762977
1,2021,L128,37836,83368.55,45.3840207128467
12,2020,L133,54386.65,138451.605,39.2820653830629
2,2019,L129,30740.52,69370.011,44.3138462238387
3,2020,L142,127149.37,292696.836,43.4406369872751
2,2020,L142,134976.28,277220.253,48.6891843360378
12,2019,L142,158510.28,322141.71,49.2051401850447
11,2019,L142,159872.8,330462.277,48.3785324761894
9,2019,L146,68042.7300000001,178869.492,38.0404334127589
6,2019,L142,152229.84,339957.732,44.7790491789727
5,2019,L142,149600.29,342117.510000001,43.7277501522795
3,2019,L142,154344.16,348000.915,44.3516535006812
1,2019,L143,93269.47,191502.906,48.7039449939209
11,2023,L122,51387.77,107276.11,47.9023428422227
2,2023,L128,41851.18,84203.521,49.7024109003708
1,2023,L103,104022.11,211120.09,49.2715354564316
11,2021,L128,52610.29,114916.191,45.7814425819248
3,2021,L130,178.22,443.973,40.1420807121154
6,2020,L101,17593.11,50093.067,35.1208481604849
6,2020,L103,52450.28,147989.886,35.4418003943864
1,2019,L145,70297.97,155792.801,45.1227332384889
12,2022,L122,110890.88,225056.672,49.272425036126
10,2022,L126,23387.53,49403.079,47.3402275190176
7,2022,L140,47499.11,102031.307,46.5534661826884
2,2021,L128,39496.94,85497.877,46.1963985374748
10,2019,L129,42701.06,91069.728,46.8883139741013
6,2019,L129,41381.51,87840.8820000001,47.1096248783112
5,2020,L142,28850.31,75604.9440000001,38.1592902178461
4,2020,L142,85966.31,237858.536,36.1417805077216
11,2023,L339,32032.46,95360.481,33.5909169753454
10,2023,L339,105722.84,305654.345,34.5890191745843
9,2023,L339,100454.37,303021.936,33.1508574349548
8,2023,L339,101651.57,298562.257,34.0470262455177
7,2023,L339,97131.6799999999,285657.149,34.0028878465072
6,2023,L339,84944.88,242838.665,34.9799649903363
5,2023,L339,98626.34,290353.775,33.967645159771
4,2023,L339,95500.67,281039.054,33.9812807653416
3,2023,L339,107543.78,303037.907,35.4885568820933
2,2023,L339,84527.12,234540.104,36.0395167216264
1,2023,L339,98544.57,272258.662,36.1952010180671
12,2022,L339,101092,272344.677,37.1191392883365
11,2022,L339,105945.71,300506.818,35.2556759627331
10,2022,L339,102428.01,299461.34,34.2040845739888
9,2022,L339,109460.94,328533.714,33.3180234890597
8,2022,L339,114606.03,350188.631,32.7269419548917
7,2022,L339,103657.54,324701.084,31.9239895115348
6,2022,L339,106780.69,336944.184,31.6909135312453
5,2022,L339,105366.27,335361.121,31.4187493427421
4,2022,L339,103267.67,308892.994,33.4315351937053
3,2022,L339,113763.46,342773.119,33.1891428160678
2,2022,L339,81249.8100000001,232473.992,34.950064435595
1,2022,L339,87674.79,250631.846,34.9815043057218
12,2021,L339,99989.88,284874.143,35.0996685578445
11,2021,L339,98087,278190.693,35.2589078168765
10,2021,L339,89685.78,276523.661,32.4333113758392
9,2021,L339,89852.89,283517.61,31.6921724897441
8,2021,L339,80001.25,248393.021,32.207527279923
7,2021,L339,67548.1399999999,202208.038,33.4052694779621
6,2021,L339,59492.86,179881.142,33.0734280083679
5,2021,L339,58657.4200000001,191220.25,30.675318121381
4,2021,L339,85709.2199999999,262096.681,32.7013755660645
3,2021,L339,85121.6,251760.073,33.8106034788129
2,2021,L339,62787.75,187226.846,33.535655458299
1,2021,L339,70107.7299999999,221299.355,31.6800426282309
12,2020,L339,54911.85,166306.693,33.0184245801821
11,2020,L339,15802.23,48480.56,32.5949824011934
4,2020,L339,23093.35,77606.246,29.7570765115993
3,2020,L339,103856.16,367462.339,28.2630759610987
2,2020,L339,115356.58,372937.255,30.9319003273085
1,2020,L339,125809.68,395919.871,31.7765510688399
12,2019,L339,129659.95,403316.871,32.1484072011458
11,2019,L339,122854.89,395418.362999999,31.0695965326224
10,2019,L339,133227.76,500674.698,26.6096450514062
9,2019,L339,124787.47,465188.358000001,26.8251489647124
8,2019,L339,129513.69,459790.429,28.1679830268933
7,2019,L339,123977.94,447771.104000001,27.687793806364
6,2019,L339,120418.84,454925.003,26.4700421401107
5,2019,L339,127440.69,509726.408000001,25.001782917239
4,2019,L339,128641.25,471182.016,27.3018166296058
3,2019,L339,136915.23,499419.695999999,27.4148639103733
2,2019,L339,102427.2,345758.396,29.6239227116267
1,2019,L339,108127.91,345541.958,31.2922663938832
8,2023,L133/125,71271.62,174573.492,40.8261410042711
4,2022,L128,49172.65,101243.418,48.5687375746244
2,2022,L145/133,80736.85,172390.025,46.8338292775351
9,2021,L142,133998.07,310104.036,43.2106823659657
12,2022,L359,88537.42,184372.76,48.0208790062046
11,2022,L359,92769.32,198715.731,46.6844368753071
11,2022,359V,22170.12,45038.618,49.2246897984303
11,2022,LEXP,190719.92,402745.457000001,47.3549525351939
10,2022,L359,76566.5200000001,178033.208,43.0068754364074
10,2022,359V,27200.94,61846.135,43.9816328053483
9,2022,L359,83891.43,201570.835,41.6188333991869
9,2022,359V,23198.33,56018.413,41.4119728811311
8,2022,L359,88568.7900000001,208299.096,42.5200069039186
8,2022,359V,20590.8,47580.556,43.2756607552043
7,2022,L359,86227.67,204821.128,42.0990113871456
7,2022,359V,32747.49,76261.221,42.9412086124349
6,2022,L359,83368.57,211285.118,39.4578523982934
6,2022,359V,34265.64,79999.881,42.8321137127691
5,2022,359V,30550.58,71170.946,42.9256342890257
5,2022,L359,80557.76,186396.441,43.2185075894233
4,2022,L359,85035.67,199841.994,42.5514519235631
4,2022,359V,25326.01,57257.621,44.2316840233373
3,2022,L359,91093.56,214162.189,42.5348472694216
3,2022,359V,25966.83,59634.846,43.5430486397164
2,2022,L359,69059.65,160292.556,43.083504139768
2,2022,359V,22874.33,50051.757,45.7013527017643
2,2022,LEXP,142399.64,310441.316,45.8700671143914
1,2022,L359,72438.5899999999,171900.999,42.139714382928
1,2022,359V,31670.62,78999.1189999999,40.0898394828935
12,2021,L359,81415.02,178415.449,45.6322703310295
12,2021,LEXP,168106.67,370469.359,45.3766731083421
12,2021,359V,37022.33,83662.922,44.2517773883155
11,2021,L359,81160.92,201397.83,40.298805602821
11,2021,359V,27396.39,74169.806,36.9373893198534
10,2021,L359,72921.79,182977.469,39.852879372815
10,2021,LEXP,137204.77,325937.369,42.095440121197
10,2021,359V,32304.69,89052.712,36.2759193678459
9,2021,359V,30419.51,80216.181,37.9219125378208
9,2021,LEXP,140924.81,332458.06,42.3887482228585
8,2021,LEXP,124406.53,291314.089,42.7052911951677
8,2021,359V,33656.35,77834.881,43.2407033550935
8,2021,L359,69884.49,177932.88,39.2757594886341
7,2021,LEXP,106244.99,248133.213,42.8177222692071
7,2021,359V,39462.41,95864.417,41.1648150950524
6,2021,LEXP,84641.69,196903.109,42.9864670140887
6,2021,359V,44604.42,116324.194,38.3449207479572
5,2021,LEXP,96420.06,242378.879,39.7807186821753
5,2021,359V,13047.53,34695.478,37.6058516905287
5,2021,LMAV,34606.94,108091.714,32.0162746239735
4,2021,LMAV,46620.68,138927.587,33.5575395835529
4,2021,LEXP,133334.7,315933.02,42.2034708496124
3,2021,LEXP,140965.36,341341.194,41.2974942602445
3,2021,359V,34088.58,85628.2869999999,39.8099520547457
2,2021,LEXP,100282.85,243258.879,41.2247439486063
2,2021,359V,41428.07,98400.356,42.1015448358744
5,2020,LEXP,29656.52,88180.707,33.6315289465756
3,2020,LEXP,156865.33,375386.83,41.7876487568836
2,2020,LEXP,171948.11,384627.838,44.7050611037676
1,2020,LEXP,189645.56,434839.29,43.6127931309978
12,2019,LEXP,207411.32,461015.968,44.9900511905913
12,2019,359V,125874.63,275601.048,45.6727689946956
11,2019,LEXP,209778.29,467940.247,44.83014473427
11,2019,L359,110898.23,246997.562,44.8985119942195
10,2019,LEXP,208685.96,512513.679,40.7181249107695
9,2019,LEXP,201611.19,477422.364000001,42.2291047094726
8,2019,LEXP,212125.17,533992.018000001,39.7244083899396
7,2019,LEXP,200832.56,515895.826,38.9288980213614
6,2019,LEXP,183265.67,500629.771,36.607025913367
5,2019,LEXP,182940.95,499101.76,36.6540382466293
5,2019,L359,124693.1,300413.149,41.5072044666062
5,2019,N339,94033.7300000002,368328.116,25.5298810802703
4,2019,LEXP,193834.07,498640.313,38.8725229281652
3,2019,LEXP,180278.55,510645.327000001,35.3040634013283
2,2019,LEXP,168074.95,443073.806,37.9338493325421
1,2019,LEXP,194406.6,467811.877,41.5565763842289
12,2021,L107,81258.07,177651.159,45.7402419761303
10,2021,L107,79953.75,197589.85,40.4645026047644
9,2021,L107,80371.42,189291.689,42.4590326308515
8,2021,L142,128768.54,287723.589,44.75425197063
7,2021,L142,117478.65,246138.111,47.7287525782629
6,2021,L142,108381.63,239129.349,45.3234328840162
5,2021,L142,84712.6299999999,202458.986,41.8418721113223
4,2021,L142,117684.65,270470.421,43.5110980213249
3,2021,L142,123161.79,277353.625,44.4060502183809
2,2021,L142,96027.53,222011.363,43.2534302309563
1,2021,L142,105462.19,246334.958,42.8125146573796
11,2020,L142,61655.07,168708.596,36.5453044253892
10,2020,L142,92003.56,258380.503,35.6077795854435
9,2020,L142,38933.16,106345.649,36.6100168329407
2,2019,L103,85812.64,197685.065,43.4087623159595
9,2023,L110,111789.85,244070.403,45.8022966430715
4,2023,L133/125,67086.93,167501.277,40.0515931588987
4,2023,L110,103280.79,233325.735,44.2646371605773
1,2023,L138,43697.8,89236.775,48.9683765465527
6,2022,L107,89614.15,189542.126,47.2792786971272
1,2022,L101,25236.9,54905.692,45.9640869292751
7,2021,L101,27332.82,54254.395,50.3789969457774
5,2021,L101,24544.03,59316.591,41.3780185041315
2,2020,L129,36282.64,75306.5830000001,48.1799048032759
4,2019,L103,95349.27,238893.204,39.9129269495669
11,2021,L107,81764.1,196149.81,41.6845165437581
8,2021,L107,79847.35,181893.34,43.8978964265541
7,2021,L107,74992.5099999999,160215.407,46.807302371363
12,2022,L126,22716.33,44826.628,50.6759732184183
3,2021,L128,52926.3600000001,114591.194,46.1871092817133
1,2021,L125,13191.15,31155.083,42.3402820014955
9,2019,L128,58151.32,156247.531,37.2174328949876
11,2023,L130,13932.68,29034.708,47.9862928189256
11,2023,L103,44909.65,97864.944,45.8894147019591
10,2023,L126,23624.31,55463.286,42.5945011624446
9,2020,L143,27371.78,78752.253,34.7568214969037
8,2020,L143,58115.07,153143.608,37.9480872619901
7,2020,L146,3445.56,11095.125,31.0547199783689
10,2019,L146,70367.4099999999,185252.547,37.9845843630965
3,2019,L145,77034.54,173957.603,44.2835142997458
2,2019,L145,59572.8800000001,145155.819,41.0406419876285
1,2020,L102,39849.87,81235.13,49.0549716606596
6,2023,L138,41710.61,90553.8729999999,46.0616521614708
6,2023,L140,45412.2,100872.206,45.0195368980034
9,2022,L138,43910.3,98017.288,44.7985257457848
1,2022,L128,39908.68,86347.528,46.2186711355535
12,2019,L128,65064.26,132145.36,49.2368858051467
7,2019,L145,80018.5199999999,178395.016,44.8546836084255
6,2019,L128,62594.24,149803.911,41.7841160368637
5,2019,L128,65322.12,151970.883,42.9833127968336
5,2019,L145,83234.08,185331.745,44.9108597126736
7,2023,L103,94313.1800000001,221700.28,42.5408483922529
6,2022,L126,23386.9,50551.85,46.2631931373432
6,2020,L129,18889.28,49577.783,38.1002918182122
5,2020,L129,7362.75,19965.068,36.8781613966955
12,2019,L103,101598.9,228730.969000001,44.418515098408
2,2019,L130,23556.35,61863.76,38.0777857666589
11,2023,L107,41686.54,83651.74,49.8334404042283
9,2023,L140,49184.1999999999,112177.347,43.8450376260012
6,2023,L122,99748.8,214478.228,46.5076576443926
7,2022,L101,39105.87,87094.998,44.9002478879442
6,2022,L101,41865.29,93209.989,44.9150251482167
3,2022,L142,138006.86,288710.015,47.8012028782583
1,2021,L102,13041.6,29487.664,44.2273080702493
12,2020,L102,16399.97,43587.532,37.6253695666917
2,2020,L143,95003.4100000001,197699.403,48.0544749040037
8,2019,L103,105287.6,242076.437000001,43.4935350605808
8,2019,L128,64614.95,143146.792,45.1389438053212
3,2020,L145,59824.82,135134.845,44.2704618486816
4,2021,L359,94781.28,244313.333,38.7949682631525
3,2021,L359,99992.41,244050.127,40.9720786582504
2,2021,L359,78204.41,197356.111,39.6260392463854
11,2020,359V,16913.36,47713.548,35.4477097364464
11,2020,L359,27247.66,78367.887,34.7689098724839
10,2020,L359,59517.34,169495.395,35.1144289200305
9,2020,L359,28455.57,84933.034,33.5035364449597
8,2020,L359,52819.19,156121.358,33.8321358952053
7,2020,L359,6164.88,17866.795,34.5046775317006
6,2020,L359,52983.28,146406.674,36.1891152585025
6,2020,359V,46756.97,126259.713,37.0323746894625
5,2020,L359,18540.78,52867.55,35.0702463042074
4,2020,L359,55046.31,161275.192,34.1319141012091
3,2020,L359,90566.5899999999,216261.046,41.878364909046
3,2020,LMAV,64203.17,224919.537,28.5449502770406
2,2020,LMAV,70963.41,238004.295,29.8160207571044
1,2020,LMAV,78211,276137.282,28.3232309065749
1,2020,L359,100639.33,226958.878,44.3425394445245
12,2019,L359,111644.14,247733.327,45.0662578797886
10,2019,L359,110197.53,274053.967,40.2101568557115
9,2019,L359,111528.58,272467.411,40.9328145302485
8,2019,L359,123943.22,295639.919,41.9237092268314
7,2019,L359,121094.91,303303.516,39.9253235165266
6,2019,L359,121390.59,298059.215,40.7270045316331
4,2019,L359,122753.28,299275.066,41.016875091091
4,2019,LIGM,25022.23,73141.084,34.2109094254059
3,2019,L359,123466.56,307546.995,40.1455914079082
2,2019,L359,103110.45,262229.034,39.3207603396045
1,2019,L359,116783.73,265326.174,44.015156228047
11,2023,L133/125,30515.26,72197.236,42.266521117235
10,2023,L133/125,69363.17,168388.543,41.1923333762678
9,2023,L101,42623.48,96107.924,44.3496001432723
8,2023,L101,46164.12,105596.67,43.7174013157801
8,2023,L110,114521.06,248834.481,46.0229866615632
6,2023,L110,99728.5499999999,217373.866,45.8788132332338
6,2023,L133/125,62316.01,151166.421,41.2234473686454
5,2023,L133/125,70211.61,169138.736,41.5112538147382
5,2023,L110,111006.43,250013.826,44.4001164959573
2,2022,L103,80313.06,157364.497,51.0363274633669
2,2021,L101,21905.76,50604.653,43.2880351931274
11,2020,L101,13774.92,39665.243,34.7279354874997
4,2020,L129,18950.74,50804.802,37.3010803191399
3,2020,L102,36276.53,79667.935,45.5346683706563
3,2019,L110,115475.41,261525.52,44.1545475179631
11,2022,LIGM,35820.1,105309.789,34.0140269391291
10,2022,LIGM,29908.74,91030.989,32.8555586713443
9,2022,LIGM,40651.89,129365.109,31.4241531694609
8,2022,LIGM,37091.29,114407.783,32.4202506397664
7,2022,LIGM,33488.88,97975.7570000001,34.1807820887773
6,2022,LIGM,36574.49,102991.709,35.5120721416517
5,2022,LIGM,35996.64,97013.854,37.1046386838729
5,2022,LMAV,65200.73,178375.575,36.5524988496884
5,2022,LEXP,160414.07,361793.68,44.3385495291129
4,2022,LIGM,38510.87,120261.515,32.0226050702921
3,2022,LIGM,43221.37,126092.333,34.2775559557614
2,2022,LIGM,36718.39,110759.826,33.1513612164757
1,2022,LIGM,30263.4,85610.795,35.3499812728056
12,2021,LIGM,32724.81,91871.1810000001,35.6203214585866
11,2021,LIGM,38799.17,119835.009,32.3771578303966
11,2021,LEXP,164072.8,399362.844999999,41.0836416191898
4,2021,359V,25916.03,64448.782,40.211822777349
4,2021,LIGM,35104.29,104245.574,33.6746095330628
3,2021,LIGM,36268.17,107989.06,33.585040929146
2,2021,LIGM,6194.79,16795.769,36.8830388176927
2,2021,LMAV,41429.14,117635.265,35.2182995464838
1,2021,LIGM,26141.98,75258.739,34.736138749282
12,2020,LIGM,26361.7,84257.6220000001,31.2870211314532
2,2020,L359,90262.5499999999,206925.768,43.6207393948152
2,2020,359V,102670.54,226351.064,45.3589827172184
11,2023,L110,50366.28,112113.323,44.9244377494724
10,2023,L101,42876.86,95308.31,44.9875357143569
9,2023,L133/125,69253.9799999999,172342.285,40.1839745829063
2,2019,L110,94135.3999999999,215534.526,43.6753228111583
1,2019,L110,104898.95,215168.381,48.7520283010355
2,2021,L130,135.5,77.726,174.330339911999
2,2020,L145,65569.46,133468.629,49.1272447250507
1,2020,L145,70682.52,147791.04,47.8259845793087
11,2019,L145,75964.68,161268.111,47.1045884576647
10,2019,L145,76547.23,182589.976,41.923018818952
2,2019,L128,46359.19,121865.822,38.0411744976372
8,2020,L101,16341.61,47232.767,34.5980365706714
7,2020,L145,4418.08,14473.002,30.5263552095136
6,2020,L145,34045.51,90244.946,37.7256694241914
4,2020,L125,12205.16,32817.106,37.1914574063905
9,2019,L145,77274.2600000001,171271.159,45.1180808556332
1,2022,L103,81001.9500000001,163363.997,49.5837219261966
7,2021,L110,82309.28,162283.237,50.719520710571
10,2020,L101,20737.34,58071.183,35.7102075912592
10,2020,359V,51044.41,143896.873,35.4729112146863
9,2020,L101,10123.53,32181.997,31.457121818761
9,2020,L102,6199.52,21524.016,28.8028033430193
8,2020,L102,10737.89,38738.489,27.718917999099
7,2020,L129,2153.87,6426.204,33.516987633757
5,2020,L143,17403.44,53987.732,32.2359161151649
5,2020,359V,14877.62,43508.359,34.1948543726965
3,2020,359V,101160.94,243765.871,41.499222013733
10,2021,LIGM,37203.65,115179.227,32.3006595625095
9,2021,LIGM,40531.62,123662.63,32.7759647356683
8,2021,LIGM,34095.21,102136.534,33.3819923828627
7,2021,LIGM,35080.35,93776.804,37.4083446051328
6,2021,LIGM,35332.43,101604.875,34.7743452270376
5,2021,LIGM,29563.73,89286.381,33.1111303525674
1,2021,LMAV,42790.96,123636.899,34.610185426925
12,2020,L359,82116.39,227346.124,36.1195469512381
11,2020,LIGM,24969.33,89427.628,27.9212705943626
10,2020,LIGM,29628.13,95308.856,31.0864396483785
9,2020,LIGM,35108.55,107568.926,32.6381895827425
8,2020,LIGM,29306.21,90246.357,32.4735656642628
7,2020,LIGM,20723.97,63459.273,32.6571185270276
6,2020,LIGM,8612.15,24809.43,34.7132118714537
3,2020,LIGM,10252.95,28119.727,36.461769347903
11,2019,LIGM,26519.66,82984.482,31.9573724639265
10,2019,LIGM,31175.03,104999.227,29.6907233421823
9,2019,LIGM,17619.49,56815.271,31.0118911515885
8,2019,LIGM,25964.35,81329.901,31.9247283972472
7,2019,LIGM,10719.39,34680.609,30.9088862885885
6,2019,LIGM,18458.08,57300.566,32.2127359091008
5,2019,LIGM,28448.54,92185.204,30.8602018172027
3,2019,LIGM,23931.88,73825.299,32.4169090056784
2,2019,LIGM,21409.57,68057.448,31.4580852341098
1,2019,LIGM,25788.66,69310.574,37.2073963779322
4,2023,LEXP,157616.9,372891.910000001,42.2687904384945
3,2023,LEXP,193144.21,408131.164000001,47.3240534016167
3,2023,L359,88191.9300000001,186213.483,47.3606575523857
2,2023,LEXP,136567.4,284027.834,48.0824002622222
2,2023,L359,57423.73,121165.829,47.3926770228263
1,2023,LEXP,162001.29,334613.889,48.4143950163407
1,2023,L359,78221.82,166959.188,46.8508627389826
12,2022,LEXP,185670.22,380136.368,48.8430562371238
4,2022,LEXP,162558.41,369828.976,43.955022604827
3,2022,LEXP,181072.06,408367.048,44.3405169165364
5,2021,L359,65190.05,175459.128,37.1539803845372
10,2019,LMAV,80169.16,309548.066,25.8987759270962
2,2019,359V,126712.24,336924.142,37.6085368201368
7,2023,L128,51058.12,106192.662,48.0806479830028
7,2020,L103,6660.13,19550.491,34.0663055470065
5,2020,L103,17533.99,52899.745,33.1456985284145
3,2020,L133,75020.5800000001,183449.239,40.8944623640549
10,2022,LEXP,159869.42,351544.036,45.4763567657282
4,2022,LMAV,59459.86,164071.707,36.2401666242188
7,2021,L359,55345.85,136775.601,40.4647097840206
6,2021,L359,52757.56,133515.193,39.5142746039396
1,2021,L359,86352.22,224588.364,38.4491068290609
12,2020,359V,34858.58,94248.391,36.9858621777427
10,2020,LMAV,34763.65,120054.693,28.9565106796783
8,2019,LMAV,75660.56,244636.568,30.9277393067417
6,2019,LMAV,72856.44,234092.985,31.1228634211316
3,2019,LMAV,82353.5,241069.109,34.1617805539738
4,2020,L130,13929.52,34637.077,40.2156336690882
11,2023,LIGM,15028.42,43882.643,34.2468433362138
11,2023,LMAV,20252.11,54594.644,37.0954154403864
10,2023,LMAV,48001.46,133599.446,35.9293855155657
9,2023,LMAV,60112.2600000001,170582.821,35.2393398395024
8,2023,LIGM,31211.82,101177.658,30.8485298206843
8,2023,LMAV,62019.38,175516.017,35.3354531740542
7,2023,LMAV,60065.54,169113.054,35.5179795877851
6,2023,LMAV,56733.8000000001,159127.454,35.6530558202735
6,2023,LIGM,26523.77,95372.748,27.8106383177719
5,2023,LIGM,27878.14,88689.105,31.4335565794694
5,2023,LMAV,62090.94,174990.792,35.482404125584
4,2023,LMAV,61004.2300000001,165486.22,36.8636313041654
3,2023,LMAV,70457.99,178147.531,39.5503600889086
2,2023,LMAV,54237.49,138306.276,39.2154944581112
1,2023,LMAV,61217.6000000001,162834.307,37.5950259671017
1,2023,359V,29205.6,59729.134,48.8967410778131
12,2022,LMAV,64304.7,167830.263,38.3153186144981
11,2022,LMAV,68175.47,183497.141,37.1534235511604
10,2022,LMAV,58765.8,174037.714,33.7661295643081
9,2022,LMAV,64534.24,179290.222,35.9942886344354
8,2022,LMAV,64928.25,186125.525,34.8841191985892
8,2022,LEXP,182474.95,419462.873000001,43.5020502994551
7,2022,LMAV,59158.31,169340.656,34.9344991317383
12,2020,LMAV,37840.05,122351.635,30.9272941060412
11,2020,LMAV,13280.53,45161.331,29.4068613699627
8,2020,LMAV,29583.67,95864.796,30.8597850664596
7,2020,LMAV,5288.99,19260.57,27.4601945840647
6,2020,LMAV,31972.65,99542.385,32.1196342643387
5,2020,LMAV,11607.35,37968.787,30.5707685631358
4,2020,LMAV,37012.5,118907.935,31.1270227676564
2,2020,LIGM,6339.51,15428.911,41.088512338946
12,2019,LMAV,79312.37,280121.431,28.3135673400155
12,2019,LIGM,6681.72,19532.473,34.2082643605856
11,2019,LMAV,81345.5500000001,293752.354,27.691880215537
9,2019,LMAV,76113.17,269053.465,28.2892361189253
7,2019,LMAV,68601.65,216390.278,31.7027412848927
5,2019,LMAV,79853.5000000001,239308.267,33.3684669573074
4,2019,LMAV,78109.26,235708.394,33.138090109765
3,2019,359V,146809.24,377398.587,38.9003152256106
2,2019,LMAV,69865.53,215940.526,32.3540612288775
1,2019,LMAV,70469.03,211151.623,33.3736624889689
11,2023,L359,37551.2,86822.892,43.2503446210937
11,2023,359V,31388.61,69163.982,45.3828844036192
10,2023,L359,68048.91,163032.692,41.7394261023427
9,2023,L359,64421.34,151662.181,42.4768650795019
8,2023,L359,72167.5899999998,171842.503,41.9963563961821
8,2023,359V,70617.72,158801.542,44.4691651671745
7,2023,L359,53492.75,125800.413,42.5219192245418
7,2023,LEXP,123133.42,292433.337,42.106492119946
7,2023,359V,99647.03,228550.567,43.5995549291286
6,2023,L359,58080.74,137088.344,42.3673802639268
6,2023,359V,95726.4099999999,215537.024,44.4129775123924
5,2023,L359,69336.14,164011.198,42.2752475718152
5,2023,359V,79124.47,179559.358,44.0659127328802
4,2023,L359,77655.0399999999,186947.787,41.5383574452261
3,2023,359V,45691.3,98993.35,46.1559286558137
12,2022,359V,18980.98,38506.913,49.2923958874605
9,2022,LEXP,179019.56,406490.957,44.0402318716281
9,2021,L359,75317.85,192342.088,39.1582782443331
1,2021,LEXP,102346.27,266756.412,38.3669390484979
12,2020,LEXP,96179.5699999998,250815.849,38.3466875731604
9,2020,LEXP,36111.69,110433.022,32.7000831327427
8,2020,LEXP,78994.0300000001,219221.556,36.0338788946467
7,2020,LEXP,8432.4,20926.819,40.2947050863296
6,2020,LEXP,79348.05,217243.363,36.5249593378832
4,2020,LEXP,85020.3799999999,248382.593,34.2296048097058
11,2019,359V,130805.35,295477.885,44.2690829467661
10,2019,359V,127285.79,316327.686,40.2385866408165
10,2023,LI41,164466.95,311934.4,52.7248517637041
8,2023,LI41,172966.95,330680.15,52.3064205698468
7,2023,LI41,166370.58,317529.11,52.3953788047967
5,2019,LI41,177307.78,354616.44,49.9998759222782
7,2019,LI41,181435.32,365035.780000001,49.7034345509911
9,2022,LINA,224778.16,716149.835999999,31.3870294595726
6,2022,LINA,209027.42,646522.538000001,32.3310337558565
5,2022,LINA,206613.42,645162.173,32.0250362849466
1,2022,LINA,187194.09,545898.072,34.2910333634592
12,2021,LINA,226918.21,658147.817999999,34.4783046899048
11,2021,LINA,226982.81,671696.375,33.7924720823453
10,2021,LINA,209273.49,621625.795,33.6655093278425
9,2021,LINA,196673.45,621119.438,31.6643527746108
8,2021,LINA,185045.71,574784.324,32.1939381909796
5,2023,LINA,220771.62,671700.495999998,32.8675684050709
10,2022,LINA,209838.53,676987.940000001,30.9959037084176
7,2022,LINA,204108.89,632560.328,32.2671025932565
4,2022,LINA,210498.26,640145.186,32.882893537842
3,2022,LINA,231082.75,696921.369000001,33.1576502427492
7,2021,LINA,144913.63,437725.728,33.1060343795921
6,2021,LINA,138834.12,435155.489,31.9044855251729
5,2021,LINA,157024.96,527431.687999999,29.7716203960806
4,2021,LINA,186682.88,586506.481,31.8296363378123
11,2019,LINA,241763.26,769844.850999999,31.404153666282
9,2019,LINA,244817.66,795440.664,30.7776143564116
8,2019,LINA,224817.32,813806.282000001,27.6254097532267
7,2019,LINA,216836.71,726767.267000001,29.8357837296489
6,2019,LINA,202766.68,745289.387999999,27.2064359515609
1,2021,359V,27559.57,80335.969,34.3053931421429
9,2020,359V,26676.92,76216.329,35.001580829221
8,2020,359V,53136.0700000001,153411.816,34.6362303670273
7,2020,359V,7781.7,18838.827,41.3067119306313
1,2020,LIGM,22376.46,65220.3240000001,34.3090291915753
10,2023,359V,90855.16,203319.339,44.6859410653504
8,2023,LEXP,156066.3,358339.772,43.5526034771268
5,2023,LEXP,141488.94,328356.401000001,43.0900508012329
4,2023,359V,44601.74,107236.862,41.5917989095951
7,2022,LEXP,152910.99,354477.002,43.1370692985041
6,2022,LMAV,64537.33,179125.504,36.029112861561
11,2020,LEXP,37072.84,98191.046,37.755825515903
9,2023,359V,76342,174791.141,43.6761265835549
3,2023,LIGM,35538.09,104905.018,33.876444308889
2,2023,359V,48356.88,100038.54,48.3382504382811
6,2022,LEXP,161425.57,374155.285,43.1440036988921
1,2022,LEXP,139499.19,321384.567000001,43.405690354758
7,2021,LMAV,36664.84,104697.077,35.0199270606189
8,2023,L138,45814.13,100723.812,45.4849048008628
6,2020,L128,32733.88,85094.186,38.4678219966756
5,2020,L128,11221.8,28157.456,39.8537424687799
4,2019,L145,76881.6,178395.916,43.0960538356719
11,2020,L145,27525.87,76883.051,35.8022602406869
9,2021,LMAV,48350.26,143225.92,33.7580376512855
10,2020,LEXP,75675.11,214346.763,35.3049931526141
1,2020,359V,114897.32,251982.523,45.5973369232437
2,2021,L146,350.27,965.989,36.2602472698964
2,2019,L143,80475.21,188468.803,42.6994859196935
11,2020,L102,9682.93,28088.963,34.4723655337507
5,2019,L143,105167.83,239385.41,43.9324309697905
11,2023,L101,19744.19,43467.978,45.4223796653252
2,2022,L101,24147.77,51455.27,46.9296342240552
3,2022,LMAV,63191.87,185108.68,34.1377130451149
2,2022,LMAV,44959.5,125694.008,35.7690081773827
1,2022,LMAV,48470.37,131645.953,36.8187315260653
12,2021,LMAV,58089.54,159062.462,36.5199552864962
11,2021,LMAV,58581.71,164637.893,35.5821548323629
10,2021,LMAV,50306.24,148306.82,33.9203820835751
8,2021,LMAV,41476.03,122778.141,33.7812819628862
6,2021,LMAV,38036.24,113820.119,33.41785295445
3,2021,LMAV,53009.69,150196.787,35.2934913314757
9,2020,LMAV,16359.46,55954.416,29.2371204446134
4,2019,359V,145935.77,368127.189,39.6427578186842
7,2019,359V,146416.33,375254.618,39.0178622665211
6,2019,359V,134845.28,351681.046,38.3430615706256
5,2019,359V,147261.24,363473.324,40.5150062676952
11,2023,LEXP,61956.5800000001,135264.292,45.8040914449174
10,2023,LEXP,137403.25,311312.644,44.1367392710204
9,2023,LEXP,150424.67,349439.706,43.0473891252644
9,2023,LIGM,30896.04,93526.32,33.0345938982738
7,2023,LIGM,25868.46,84606.788,30.5749226645975
4,2023,LIGM,27268.57,86631.478,31.4765148067773
2,2023,LIGM,26838.61,80701.876,33.2564883621788
1,2023,LIGM,25799.29,76771.636,33.6052367048685
5,2020,LIGM,787.21,3113.68,25.2823026129853
8,2019,359V,137304.64,347149.679000001,39.5519997009704
1,2019,359V,148409.98,353307.742,42.0058669419139
6,2023,LEXP,107115.35,246842.323,43.3942399739934
11,2020,L133,27453.34,78557.449,34.9468323494058
9,2020,L128,16039.59,43804.142,36.6166057995155
9,2020,L103,28313.08,84099.0639999999,33.6663437776192
1,2020,L128,63018.2600000001,128971.76,48.8620609659045
8,2023,N339,52669.8600000001,205953.371,25.5736819185155
6,2023,N339,45658.0000000001,185145.993,24.6605391022424
4,2023,N339,42706.14,176008.451,24.263687202156
3,2022,N339,43696.29,154350.676,28.3097496767685
12,2021,N339,36760.25,124557.981,29.5125609012561
8,2021,N339,33823.62,120762.947,28.0082764127974
10,2020,L339,36504.57,125399.6,29.1105952491077
9,2020,L339,17666.32,58395.739,30.2527552566806
8,2020,L339,30865.44,97975.9260000001,31.5030857682325
7,2020,L339,3209.97,8517.877,37.6850945370542
6,2020,L339,33960.89,91416.399,37.1496693935626
5,2020,L339,8724.51,26949.868,32.3731084693996
4,2020,359V,43518.75,127045.74,34.2543953067612
11,2023,L126,10413.67,24991.288,41.6692008831238
1,2023,L122,106596.61,213007.116,50.0436849255308
4,2019,L128,48705.26,149854.856,32.5016227702358
12,2022,LIGM,26035.27,75313.914,34.5690040753957
9,2019,359V,122474.76,322097.139,38.024168851745
4,2020,LIGM,611.46,1591.423,38.4222170975285
2,2022,N339,33682.61,113115.611,29.7771542780245
8,2020,N339,3148.81,12639.406,24.9126422554984
6,2022,N339,40736.82,155544.07,26.1898894634813
10,2023,LIGM,13355.02,41649.24,32.0654590575962
1,2020,N339,87505.8200000001,369311.903,23.6942863983455
2,2023,N339,38961.99,146436.296,26.606784700427
12,2022,N339,42519.87,162667.51,26.1391288278772
7,2022,N339,42853.48,154299.281,27.7729615603329
4,2022,N339,44440.84,159427.96,27.8751857578809
10,2021,N339,30681,109198.166,28.0966257253808
9,2021,N339,28588.99,99502.512,28.7319278934385
6,2021,N339,27414.66,94883.1020000001,28.8930899413469
1,2021,N339,22618.52,93041.8030000001,24.3100620051398
6,2020,N339,4602.8,20095.667,22.9044400467026
9,2023,N339,48923.48,193501.751,25.2832234060765
7,2023,N339,42271.75,171640.747,24.6280389353001
3,2023,N339,47456.27,191522.644,24.7784121025397
1,2023,N339,39936.38,147985.438,26.9866958125974
11,2022,N339,45549.7,172833.507,26.3546697574099
10,2022,N339,36671.04,127370.839,28.7907658361268
9,2022,N339,38383.72,132873.973,28.8873126417316
1,2022,N339,38158.04,128504.561,29.6939188018393
8,2022,N339,39491.33,137685.909,28.6821870784177
11,2021,N339,36015,127286.914,28.2943461100801
7,2021,N339,27307.72,95323.994,28.6472679690698
4,2019,L143,86156.91,235297.233,36.6162019423322
9,2019,L103,100044.81,239741.951,41.7302059913577
8,2020,L133,41333.73,123540.871,33.4575348752398
3,2019,L128,62721.58,149946.752,41.8292354875416
8,2020,L103,63687.59,173815.045,36.6410111391681
3,2020,L103,82647.7399999999,200836.97,41.1516564903363
9,2019,L133,83490.8099999999,214323.585,38.9554933956521
10,2019,203M,547045.139999999,1226784.68,44.5917811754869
8,2019,203M,518497.450000001,1098817.297,47.1868664076919
7,2020,203M,338885.07,823070.76,41.1732607291261
6,2020,203M,356552.45,889531.879999999,40.083155872952
5,2020,203M,344812.06,876779.55,39.3271102182983
3,2020,203M,407117.230000001,1075270.28,37.861850882738
2,2020,203M,429210.310000001,1038201.07,41.3417325797979
1,2020,203M,457248.520000001,962588.509999999,47.5019715329868
11,2019,203M,556763.300000001,1132052.23,49.1817678765584
11,2019,LI41,200609.74,374006.2,53.6380787270371
9,2019,203M,513134.050000001,1097068.93,46.7731822466252
7,2020,203I,319694.05,1005635.75,31.7902431372393
6,2020,203I,321683.47,983355.06,32.712850432681
5,2020,203I,321635.34,1025328.25,31.3690118262127
3,2020,203I,396399.279999999,1130197.57,35.0734500340502
12,2019,203M,501593.270000001,1108726.72,45.2404781946629
8,2019,203I,423547.760000001,1372586.69,30.8576327517791
4,2021,203M,378296.31,902585.09,41.9125370218558
3,2021,203M,420768.46,964182.86,43.6399024973334
2,2021,203M,339396.989999999,800383.9,42.404274998535
1,2021,203M,365728.41,857596.896000001,42.6457245479582
12,2020,203M,387214.27,1083987.645,35.7212807531584
12,2020,LI41,162131.53,329418.939999999,49.2174281175213
11,2020,203M,356124.74,939089.669999999,37.9223360001394
10,2020,203M,380243.85,885430.510000004,42.9445163347712
9,2020,203M,344776.58,835498.1,41.2659921069838
8,2020,203M,350406.02,877735.580000002,39.9215923319412
4,2020,203M,296151.83,799223.580000002,37.0549414970964
5,2021,203M,393733.36,946940.769999999,41.5795129403923
4,2021,203I,361819.550000002,1131166.47,31.9864104529197
3,2021,203I,388365.02,1276484.73,30.4245723331137
12,2020,203I,377393.71,1194458.02,31.5953933651013
11,2020,203I,368350.04,1251494.586,29.4328113058253
10,2020,203I,370936.51,1191693.1,31.1268488505976
9,2020,203I,329796.83,1096811.405,30.0686907973937
6,2019,203I,373790.04,1184388.48,31.5597497199568
1,2019,203I,344138.73,780667.644,44.0826173141614
4,2022,203I,425548.09,1134156.44,37.521110403429
1,2021,203I,346491.44,1186746.782,29.1967456963368
3,2020,LI41,158042.14,315438.46,50.102368620491
12,2019,LI41,226717.12,419110.890000001,54.094781455094
11,2021,203M,396248.69,997611.691999999,39.7197319535827
10,2021,203M,435422.35,995355.444000002,43.7454130205169
3,2021,LI41,180558.58,351205.29,51.4111219680091
2,2021,203I,323240.57,1073821.56,30.1018886229105
10,2021,203I,350125.1,923865.466999999,37.8978447085954
8,2020,203I,334776.950000001,1087566.16,30.7822146654508
4,2020,203I,278073.77,894688.88,31.0804991786642
2,2020,203I,377588.29,1146620.53,32.9305363126544
1,2020,203I,421660.65,1342300.58,31.413280772031
12,2019,203I,436519.120000001,1331113.09,32.7935412309709
11,2019,203I,448088.61,1395919.39,32.099891527404
10,2019,203I,459133.53,1408145.271,32.6055513912953
9,2019,203I,409428.96,1288419.17,31.7776209430352
7,2019,203I,402076.48,1287994.303,31.2172560906118
5,2019,203I,363255.08,1165545.404,31.1661029037012
4,2019,203I,363763.200000001,1144515.101,31.7831717276747
3,2019,203I,350915.040000001,1138339.954,30.8269106049493
2,2019,203I,305069.789999999,827663.646000002,36.8591506313422
8,2020,LI41,153930.66,345977.52,44.4915207207683
6,2020,LI41,148156.99,338993.86,43.7049184312661
10,2019,LI41,212414.33,414769.21,51.2126563107228
11,2021,203I,368829.73,943893.326000001,39.0753615732208
12,2021,203I,416692.790000001,1063002.874,39.1995920417429
2,2020,L315,63765.21,190221.932,33.5214816344101
1,2020,L315,71036.14,209455.722,33.9146332798681
10,2021,LI41,186777.99,360649.537,51.7893330887597
1,2021,LI41,124508.76,244660.21,50.8904819463697
2,2020,LI41,161563.19,300212.75,53.8162319888146
7,2020,LI41,148767.97,348189.45,42.7261566942939
1,2020,LI41,172529.06,335898.889999999,51.3633909299314
5,2023,N339,45599.09,182222.663,25.0238303234543
11,2023,N339,20670.11,76367.748,27.0665438504223
11,2020,LI41,166708.05,343127.700000001,48.5848417367643
5,2020,LI41,119506.61,278945.07,42.842345268909
10,2023,N339,51318.19,184437.491,27.8241640144628
6,2022,203I,405531.14,1071507.32,37.8467913779627
5,2022,L140,43548.08,89309.218,48.7610136727432
7,2020,L101,2871.44,8027.709,35.7691092190811
5,2022,L126,16021.25,39837.21,40.2167973108558
1,2020,L103,96454.77,218499.026,44.1442562769136
5,2022,203I,418310.07,1156151.89,36.1812382627338
3,2022,203I,468035.09,1259003.21,37.1750513646427
5,2021,203I,365625.66,1162312.14,31.4567530887185
3,2022,203M,499750.61,1124327.99,44.4488276059018
2,2021,L129,281.89,455.138,61.9350614538887
1,2020,L133,83571.75,191052.632,43.7427891597956
7,2020,L143,5585.3,18651.22,29.9460303401064
7,2022,L126,23169.83,53218.376,43.5372736665245
11,2023,LINA,102313.72,291815.885,35.0610522795906
10,2023,LINA,234936.88,684402.636000001,34.3272903466724
9,2023,LINA,229440.86,683953.647,33.5462587276766
8,2023,LINA,231891.39,695867.873000001,33.3240546082804
7,2023,LINA,218508.17,660744.909000001,33.0699740586271
6,2023,LINA,212037.44,653963.020000001,32.423460274558
4,2023,LINA,219102.23,645101.063999999,33.9640162180852
3,2023,LINA,244195.8,681000.579,35.858383609392
2,2023,LINA,184401.7,514217.262,35.8606592246217
1,2023,LINA,206095,582421.236,35.3859006610809
12,2022,LINA,221933.31,632446.151999999,35.0912578562104
11,2022,LINA,233163.66,694761.761,33.5602321671241
8,2022,LINA,226368.49,708182.534,31.964709539137
2,2022,LINA,163759.74,475433.103,34.4443285431052
3,2021,LINA,178064.75,541121.579999999,32.906606681626
2,2021,LINA,144070.2,464980.921000001,30.9841099910419
1,2021,LINA,161086.25,529286.426,30.4346081983218
12,2020,LINA,152992.96,478031.832,32.0047640676782
11,2020,LINA,152463.49,496592.011000001,30.7019618968457
10,2020,LINA,141601.9,483635.38,29.2786478937914
8,2020,LINA,139987.44,511865,27.3485079073584
7,2020,LINA,136639.05,496173.012999999,27.5385896491715
6,2020,LINA,135859.35,481528.292000001,28.2141988865734
5,2020,LINA,94736.6799999999,336746.583,28.1329298596031
3,2020,LINA,204358.53,651447.886,31.3698968700007
2,2020,LINA,214893.38,659009.628000001,32.6085342109751
1,2020,LINA,230022.49,708674.205999999,32.4581433968546
12,2019,LINA,242703.32,780566.315,31.0932351724657
10,2019,LINA,251145.17,807022.815,31.1199591054932
5,2019,LINA,220700.56,692698.163000001,31.8609997526441
4,2019,LINA,234228.22,718846.321000002,32.583907458017
3,2019,LINA,237768.94,752247.82,31.6077938251785
2,2019,LINA,198992.05,632566.329000001,31.45789474988
1,2019,LINA,212385.83,657515.531999999,32.3012643296767
2,2020,L128,56753.2300000001,113238.338,50.1183883500658
9,2020,LINA,135619.88,490261.28,27.6627760609608
4,2020,LINA,98728.58,366758.572,26.9192290344069
5,2021,N339,19926.46,73054.253,27.2762490638293
3,2021,N339,27344.98,98082.951,27.8794425750914
2,2020,N339,86608.9100000001,358021.07,24.1910092051286
10,2019,N339,104401.23,430936.273,24.2266053106186
8,2019,L145,86373.36,188054.415,45.9299825531882
7,2019,L133,23116.58,60633.942,38.1248179443785
10,2020,LI41,151806.57,316940.59,47.8974845096364
9,2020,LI41,153425.63,331414.03,46.2942471083678
12,2020,N339,18384.73,63236.586,29.0729325583769
12,2019,N339,97132.6399999998,404850.611,23.9922177121279
7,2023,203I,358360.69,1000567.54,35.8157421337094
12,2022,203I,379532.58,912724.590000001,41.5823770015882
7,2019,L103,96266.1300000001,244921.746,39.304852089369
5,2022,N339,40097.92,154482.517,25.9562834543924
6,2022,203M,440592.41,1071079.26,41.1353693843348
5,2022,203M,489749.900000001,1124218.42,43.5635897159559
6,2023,203M,399253.72,944654.679999999,42.2645151136075
5,2023,203M,445087.3,1046817.52,42.5181363032594
4,2023,203M,432241.1,969765.82,44.5716987633159
3,2023,203M,491787.179999999,1019830.75,48.2224310259324
12,2022,203M,439402.27,916145.65,47.9620538502802
11,2022,203M,469922.34,1002317.69,46.883572413054
10,2022,203M,449837.079999999,1030623.7,43.6470731266901
9,2022,203M,438697.449999999,1011926.1,43.3527161716651
8,2022,203M,445549.42,1074174.66,41.4783029791449
7,2022,203M,456476.58,1071114.21,42.6169847938064
4,2022,203M,470888.570000001,1054276.04,44.6646373562658
2,2022,203M,390468.41,841054.49,46.4260537982503
1,2022,203M,411166.88,879266.360000001,46.7624941320397
12,2021,203M,470408.86,1041150.26,45.1816493807532
11,2023,L440,153758.72,427766.43,35.9445503940083
11,2023,L315,47076.79,124849.12,37.7069457918486
10,2023,L440,367660.12,1009165.55,36.4320918406302
10,2023,L315,110613.93,294509.22,37.5587324566613
9,2023,L440,350796.759999999,980094.969999998,35.7921192065704
9,2023,L315,101036.03,276952.22,36.4813937942076
8,2023,L315,113146.88,301791.42,37.4917484400319
8,2023,L440,368100.84,1021551.31,36.0335145573843
7,2023,L440,342428.27,973037.299999999,35.1916899794078
7,2023,L315,93357.3099999999,258812.03,36.0714724118504
6,2023,L440,359943.55,1027967.54,35.0150696392611
6,2023,L315,95015.11,272208.82,34.9052282729119
5,2023,L440,359895.359999999,1017409.41,35.3737007405897
5,2023,L315,97466.0199999999,265900.5,36.6550721040389
4,2023,L315,94828.8299999999,257000.76,36.8982683164049
4,2023,L440,347613.78,978718.879999997,35.5172243126648
3,2023,L440,375131.91,1065207.55,35.2167903804287
3,2023,L315,98061.51,263318.44,37.240654319538
12,2022,L440,321034.709999999,918879.510000001,34.9376285471856
12,2022,L315,89239.48,253867.77,35.15195331806
11,2022,L440,355930.7,1023681.2,34.7696822018417
11,2022,L315,104864.61,275089.79,38.1201388826536
10,2022,L440,358608.069999999,1014473.47,35.349181679438
10,2022,L315,100672.56,275830.67,36.4979572431158
9,2022,L440,355984.17,1014361.15,35.0944207593123
9,2022,L315,105804.32,284834.96,37.1458335030223
8,2022,L440,343618.909999999,979496.760000002,35.0811686196898
8,2022,L315,110196.36,296259.790000001,37.1958543547202
7,2022,L440,308832.7,892894.16,34.5878284163041
7,2022,L315,99898.33,279687.56,35.7178309968452
7,2022,L740,94620.4400000001,258958.11,36.5388981252605
6,2022,L315,111549.59,324378.73,34.3886881855663
5,2022,L440,348347.52,1039371.45,33.5152096009564
5,2022,L315,116486.72,322335.41,36.13835662672
4,2022,L315,92982.3000000001,326059.47,28.5169757529202
4,2022,L440,321738.18,969358.830000001,33.1908236705287
3,2022,L315,107692.31,332387.92,32.3995860018017
3,2022,L440,341620.9,1036861.58,32.9475897833923
12,2021,L315,88012.57,250128.09,35.1869995888907
9,2021,L315,58446.9100000001,178055.6,32.8250894664364
8,2021,L315,79132.6699999999,245002.59,32.2987075361121
7,2021,L315,70387.9000000001,216374.82,32.5305412154705
6,2021,L315,63591.93,194748.13,32.6534226541739
5,2021,L315,70865.3299999999,239264.5,29.6179876245744
4,2021,L315,71279.21,238414.39,29.8971928665883
3,2021,L315,71748.94,235952.52,30.4082109400654
2,2021,L315,55322.8,198079.65,27.9295727753962
12,2020,L315,62308.55,207843.35,29.978611295478
3,2020,L315,75717.6299999999,243907.231,31.0436183829252
12,2019,L315,85758.51,258932.855,33.1199800813226
11,2019,L315,87317.05,268742.769,32.4909393190036
11,2019,L740,98809.32,267594.449,36.9250260494006
10,2019,L315,100468.57,296305.913,33.9070418753338
9,2019,L315,75148.7,292026.835,25.733491238913
8,2019,L315,87686.5600000012,445600.371000001,19.6782960039324
7,2019,L440,360566.069999986,1528341.00600001,23.5919908308725
7,2019,L315,82141.5500000001,358397.547,22.9191161288835
6,2019,L315,77904.3,319798.967,24.3603976369317
5,2019,L315,64141.74,295230.709,21.7259716027712
4,2019,L315,79790.9800000002,317249.588,25.1508537814083
3,2019,L315,83228.32,286897.815,29.009743416833
1,2019,L315,64253.52,215675.29,29.7917856051104
6,2022,L440,329932.43,987717.069999998,33.4035362981021
2,2022,L440,243946.52,734519.630000001,33.2117087190712
1,2022,L440,236398.61,760463.429999998,31.0861246805781
12,2021,L440,303534.14,965751.570000002,31.4298365572421
11,2021,L440,315321.94,963665.870000002,32.7210861997218
10,2021,L440,325187.89,989474.330000001,32.8647121143607
9,2021,L440,305766.66,967356.450000004,31.6084789634678
8,2021,L440,305087.62,964404.23,31.6348280637467
7,2021,L440,296999.609999999,890928.239999998,33.3359743990155
6,2021,L440,271011.13,845367.429999997,32.0583831813819
5,2021,L440,278914.66,924935.035,30.1550540790144
4,2021,L440,277185.99,904854.020000001,30.6332274459034
3,2021,L440,285234.81,919985.070999999,31.0042868076062
3,2020,L440,274201.28,934550.844000001,29.3404346869329
2,2020,L440,254132.94,806793.283999999,31.4991392516351
1,2020,L440,292016.269999999,955911.758,30.5484546618579
12,2019,L440,322955.07,1041979.855,30.9943679285431
11,2019,L440,339776.92,1080477.146,31.4469326128625
10,2019,L440,363028.590000002,1151080.975,31.5380583889854
9,2019,L440,320332.61,1133532.85,28.2596671106619
8,2019,L440,352393.450000009,1468001.424,24.0049801205103
6,2019,L440,289338.949999999,1074302.885,26.9327164657106
5,2019,L440,296709.06,1109449.51,26.743809188757
4,2019,L440,317808.000000001,1167997.026,27.2096583232225
3,2019,L440,332932.649999999,1175284.891,28.3278252404591
2,2019,L440,257008.91,882695.998999999,29.116356060429
1,2019,L440,282325.139999999,913729.869,30.898096864118
2,2021,L440,219526.34,697594.739999999,31.4690360193943
1,2021,L440,204357.67,747388.93,27.3428815703759
12,2020,L440,252828.15,817677.330000001,30.9202836771811
11,2020,L440,262865.080000001,893079.563999999,29.4335567172379
11,2021,L315,73275.47,213107.55,34.3842674743339
10,2020,L440,237310.18,877744.831000001,27.0363517526656
9,2020,L440,243893.02,831185.270000002,29.3427986277956
8,2020,L440,244209.03,842741.630000002,28.9779241118063
1,2023,L440,296080.71,862528.31,34.3270715369331
10,2023,L740,101521.67,271402.020000001,37.406379657749
7,2021,L740,83872.93,238552.99,35.1590353153821
5,2020,L440,232340.470000001,827672.247999999,28.0715549616931
2,2023,L315,81159.4800000001,212851.14,38.1296900735416
11,2022,L740,99957.32,286550.42,34.8829780113392
2,2022,L315,65071.84,214654.08,30.3147464050066
12,2021,L740,95205.3599999999,289828.500000001,32.8488606192972
11,2021,L740,93977.1799999999,267113.72,35.1824608634854
10,2021,L315,56740.06,164655.63,34.4598359618799
7,2023,L740,90592.7500000002,247333.8,36.6277273870373
5,2023,L740,99139.06,273600.23,36.2350060889934
8,2021,L740,79746.0600000001,243826.32,32.7060917787711
6,2023,L740,93327.9199999999,257408.18,36.2567809616617
2,2023,L740,77634.33,215458.69,36.0321182682397
4,2020,L440,188555.19,675778.391,27.9019265059631
10,2022,L740,100580.63,281760.41,35.6972187824401
11,2020,L315,65376.72,217605.14,30.0437388565362
9,2023,L740,95076.19,254848.02,37.3070153733194
1,2023,L315,83181.04,229637.77,36.2227171949981
1,2021,L315,41311.53,204727.94,20.1787455097726
10,2020,L315,57944.55,207980.97,27.8605056991512
4,2022,L740,93150.76,268775.2,34.6574981620328
4,2020,LI41,90305.5699999999,217951.26,41.4338370881636
2,2021,LI41,124040.66,255731.95,48.5041700890327
8,2022,203I,395080.639999999,1030415.28,38.3418848369563
4,2022,LI41,191115.99,365829.45,52.2418274417218
9,2021,203M,422849.980000002,975209.980000002,43.3598905540323
9,2021,LI41,175595.23,349304.3,50.2699880877504
8,2021,203M,411608.490000001,960315.963999998,42.861777313951
7,2021,203M,388290.290000001,912605.689999998,42.5474325061464
6,2021,203M,359532.999999999,845325.770000001,42.5318868487824
5,2020,L315,52697.8,199795.24,26.375903650157
8,2021,203I,397285.09,1146319.31,34.6574542131721
6,2019,N339,102267.31,453374.124,22.5569357813636
4,2019,N339,98756.6900000001,383298.856,25.7649321030064
3,2019,N339,98155.1100000001,396277.932,24.7692596720223
2,2019,N339,77893.23,318802.49,24.4330682611669
1,2019,N339,91168.69,323699.477,28.1646083722279
3,2023,L740,96274.78,263838.77,36.4900048616812
2,2019,L315,59163.7500000001,203238.838,29.1104547645564
3,2021,L740,87168.8999999999,252155.62,34.5694853043529
8,2023,L740,99509.4999999997,266666.24,37.3161222057955
7,2020,L315,60505.7,206658.958,29.2780436839326
3,2022,L740,100736,285096.56,35.3339935073225
2,2022,L740,71645.4100000001,199026.49,35.9979267081483
2,2020,L740,78393.84,216415.22,36.2238108761482
5,2022,L122,46277.93,105768.07,43.754159454739
4,2021,LI41,161203.97,323573.9,49.8198309566995
5,2020,L102,5287.84,14948.538,35.3736265044782
2,2020,L102,33624.76,69705.114,48.2385840442066
6,2021,203I,338540.36,982729.93,34.4489721606423
6,2020,L102,11759.44,33611.448,34.9864129626311
9,2021,203I,391557.689999998,1100139.9,35.591627028526
7,2019,L740,116829.540000003,499187.658,23.403931993848
4,2023,L740,90538.66,245859.06,36.8254316111027
11,2023,L740,37755.82,101034.72,37.3691538908605
1,2023,L740,86770.95,247900.02,35.0023973374427
12,2022,L740,90307.38,248683.2,36.3142262927291
9,2022,L740,97560.7099999999,273018.17,35.7341454599889
8,2022,L740,102715.28,279938.39,36.6921021443325
6,2022,L740,101755.47,276918.57,36.7456288684432
5,2022,L740,101942.84,282125.78,36.1338265506967
6,2020,L315,59012.57,198296.869,29.7597084097178
8,2019,L740,110848.109999999,361385.784,30.6730687557979
4,2019,L740,97704.3299999999,324815.209999999,30.079973779553
1,2021,L740,76071.6100000001,229743.46,33.1115453732611
3,2019,L740,92415.17,308635.757,29.9431183535873
6,2019,L740,98684.4000000002,313669.918,31.4612254274253
8,2020,L315,60810.84,203271.05,29.9161341469924
9,2020,L315,61630.48,198691.94,31.0181077299865
10,2021,L740,90463.59,259087.03,34.9162943432559
1,2019,L740,85601.26,277329.921,30.866218722934
12,2020,L740,81446.8199999999,235921.19,34.5228930050751
1,2022,L315,64109.15,184791.53,34.6926885664078
4,2020,L315,43524.76,150682.644,28.8850519506414
3,2020,L740,76587.13,237424.84,32.2574209168678
5,2021,L740,80099.82,241899.2,33.1128916507371
6,2021,L740,77245.2599999999,221172.37,34.9253661295938
9,2021,L740,89479.8800000001,261156.39,34.2629487258573
1,2022,L740,78651.19,236894.29,33.2009648691828
4,2021,L740,78119.83,233684.46,33.4296212936025
2,2021,L740,66354.5900000001,194137.05,34.1792512042395
11,2020,L740,79685.4800000001,237975.18,33.4847861024835
10,2020,L740,79707.35,253230.45,31.4762107005694
9,2020,L740,77019.73,239262.18,32.1905158600494
8,2020,L740,73888.41,234086.16,31.5646213342985
7,2020,L740,76174.74,242071.42,31.4678783641621
6,2020,L740,72711.8,232291.05,31.3020239049244
5,2020,L740,69049.5400000001,224711.71,30.7280559611247
4,2020,L740,52712.86,167847.52,31.405206344425
1,2020,L740,91173.47,254666.36,35.8011438966654
12,2019,L740,94533.7200000001,258206.975,36.6116058638618
10,2019,L740,106939.18,291665.432,36.6650169225402
9,2019,L740,107068.37,309422.574,34.6026369750256
5,2019,L740,98024.0699999999,320180.413,30.6152612777097
2,2019,L740,79008.9,268454.865,29.4309808838815
11,2023,LI41,76930.39,140457.03,54.7714770844862
9,2023,LI41,171399.76,331008.81,51.781026613763
6,2023,LI41,170569.18,312329.07,54.6120090582666
5,2023,LI41,170470.67,330126.45,51.6379920481984
4,2023,LI41,170465.36,306326.96,55.6481740947647
3,2023,LI41,198668.09,349811.8,56.7928497552112
2,2023,LI41,144581.4,254990,56.7008117965411
1,2023,LI41,157622.02,280042.05,56.2851257516505
12,2022,LI41,170262.91,296914.03,57.3441780437253
11,2022,LI41,181727.88,324608.18,55.9837647960689
10,2022,LI41,168526.71,321950.45,52.345542613778
9,2022,LI41,175619.71,339676.510000001,51.7020473390991
8,2022,LI41,186833.76,360326.2,51.8512836424329
7,2022,LI41,177687.15,350839.73,50.6462452242795
6,2022,LI41,187218.44,357756.860000001,52.331194990922
5,2022,LI41,196876.57,376197.65,52.3332801254873
3,2022,LI41,202225.27,372636.35,54.2687985216687
2,2022,LI41,152477.76,293594.02,51.9348997639666
1,2022,LI41,156995.23,313077.030000001,50.1458794342082
12,2021,LI41,202306.72,367073.990000001,55.1133355975452
11,2021,LI41,194551.81,363553.37,53.5139613751896
8,2021,LI41,173233.43,339669.79,51.000540848805
7,2021,LI41,175188.48,339441.37,51.6108216273108
6,2021,LI41,171649.9,349490.070000001,49.1143854244556
5,2021,LI41,153075.8,317285.89,48.2453852580713
9,2019,LI41,187843.51,377250.18,49.7928218351016
8,2019,LI41,188060.54,379021.200000001,49.6174198171499
6,2019,LI41,168120.55,327205.17,51.380774331897
4,2019,LI41,180588.34,373779.860000001,48.3140905451673
3,2019,LI41,167590.87,351351.05,47.6989808341259
2,2019,LI41,148265.09,298685.44,49.6392090622161
2,2023,203M,393169.2,824712.2,47.6735035567559
4,2020,L144,11059.57,29475.056,37.5217946998981
4,2020,L145,29460.57,84663.448,34.7972716632094
6,2019,L145,78020.78,172442.236,45.2445884545362
2,2023,L122,91921.3699999999,190467.697,48.2608712384441
11,2023,203M,187149.46,413297.48,45.282023011609
10,2023,203M,430819.760000001,988405.890000002,43.5873323255894
9,2023,203M,426829.240000001,987493.58,43.2234951846472
9,2023,203I,386913.08,1094033.58,35.3657407846658
8,2023,203M,448355.99,1032741.95,43.4141355447022
7,2023,203M,404394.700000001,933227.700000001,43.3329079280438
7,2021,203I,364676.53,1066462.13,34.1949816820969
10,2019,L128,68721.74,161124.025,42.6514543687696
7,2020,L133,3610.92,11507.822,31.3779618767131
5,2020,L130,4701.47,11639.144,40.393606265203
1,2019,L128,61343.77,128402.39,47.7746325438335
2,2020,L133,77649.45,173111.026,44.8552884205077
2,2020,L103,89769.7,202796.601,44.2658799789253
5,2020,L145,9752.45,27800.262,35.0804247816082
10,2020,L133,42166.79,121473.62,34.7127137562872
4,2020,L103,50785.2400000001,161322.751,31.4805194463861
6,2019,L103,92393.2000000001,234043.201,39.4769852767482
1,2023,L126,19260.78,39979.542,48.176589916913
4,2020,L128,32154.45,86808.183,37.0408052429804
2,2021,L102,169.29,11.188,1513.13907758312
3,2021,L146,315.95,478.228,66.0668133191699
5,2023,203I,382060.96,996456.970000002,38.3419426530781
9,2020,L133,19986.39,62119.925,32.1738797978265
11,2023,203I,168110.3,447788.85,37.542314865589
10,2023,203I,387479.75,1062049.58,36.4841488850266
8,2023,203I,401046.29,1060339.23,37.8224514054809
6,2023,203I,360547.11,954620.829999998,37.7686196099451
4,2023,203I,362218.080000001,930978.709999999,38.9072355908119
3,2023,203I,407037.24,1017895.8,39.9881048728171
2,2023,203I,330574.98,802108.109999999,41.2132698670757
1,2023,203I,377651.800000001,902530.540000001,41.8436588306475
11,2022,203I,405280.36,1036166.37,39.1134446874589
10,2022,203I,385400,989596.430000002,38.9451687896651
9,2022,203I,383239.28,1009925.87,37.9472683475273
7,2022,203I,412727.170000001,1094705.02,37.7021355031331
2,2022,203I,351669.27,926421.519999999,37.9599634084493
1,2022,203I,350180.81,860786.139999999,40.6815112055592
1,2023,203M,448291.099999999,947472.379999999,47.3144240890695
11,2021,L129,109,118.689,91.836648720606
4,2021,L146,222.35,12.919,1721.10844492608
11,2019,N339,114959.41,495589.283,23.1965084684852
9,2019,N339,101379.91,436107.656,23.2465329615768
8,2019,N339,109170.9,472068.013,23.1260956035163
7,2019,N339,106364.77,471100.852,22.5779192604814
5,2020,N339,4592.27,7175.744,63.9971269878078
3,2020,N339,58584.49,246599.576,23.7569305471961
2,2021,N339,22404.13,90645.4169999999,24.7162302756024
4,2021,N339,26132.99,96001.2,27.2215243142794
7,2020,N339,1310.03,4950.015,26.4651723277606
11,2020,N339,4587.19,16265.84,28.2013717090541
10,2020,N339,5357.66,19151.077,27.9757634518414
4,2020,N339,4188.91,17110.672,24.4812711037883
9,2020,N339,2350.66,11740.351,20.0220589656987
4,2022,L140,63.21,137.12,46.0983080513419
4,2020,L133,39103.16,121507.913,32.1815748740578
6,2020,L133,39520.53,111886.517,35.3219771780008
5,2020,L133,13358.92,40802.056,32.7408011008073
2,2021,L133,128.51,386.514,33.2484722416264
