Mes,Year,Linea,KM
11,2021,LINA,638138.294
9,2023,N339,162245.406
1,2020,N339,296554.316000001
8,2023,N339,173774.264
12,2019,N339,312459.593
8,2023,LMAV,175925.69
7,2023,N339,141899.44
2,2023,LINA,496143.341999999
10,2019,N339,354587.365
9,2019,N339,346782.393
7,2019,203I,956538.460000001
4,2019,203I,920161.947000001
6,2019,N339,358883.824
8,2023,LINA,677677.541
3,2023,LINA,653075.891
11,2022,L339,286414.446
9,2021,L339,272097.986
1,2022,L339,234493.521
12,2019,203M,967433.249999999
12,2022,LINA,597260.671999999
11,2019,N339,386265.529
6,2023,LINA,629149.167999999
3,2019,N339,361220.806
2,2019,L339,318276.494
6,2019,203I,913793.348000002
7,2023,LINA,645967.075999999
9,2019,L339,416336.865
5,2019,203I,888230.400999998
10,2019,L339,417014.592
3,2020,N339,189856.729
8,2019,N339,377267.821
2,2020,N339,286112.103
7,2019,N339,371188.902
1,2019,N339,326257.795
3,2023,L101,252866.558
5,2023,L339,278350.75
2,2023,N339,123648.177
1,2019,L339,342643.768
6,2023,L359,137264.945
4,2019,N339,342228.947
3,2019,L146,184600.315
2,2019,N339,302909.855
5,2023,LINA,649331.633000001
1,2022,LINA,516059.556
3,2020,203M,898742.360000001
5,2019,N339,329870.811
9,2023,L339,288448.873
1,2019,L107,272094.802
5,2023,L110,238114.979
11,2022,LINA,647195.914
7,2022,LINA,611796.603
10,2022,L339,288617.163
8,2022,L339,335104.43
3,2019,203I,901751.362000001
8,2019,203I,988620.610000001
9,2019,LINA,700731.854999999
5,2023,N339,153623.311
3,2019,L339,433408.273999999
3,2022,203M,1080500.23
3,2023,N339,151389.452
6,2023,N339,150326.186
8,2020,203I,840386.890000001
7,2019,LMAV,215075.12
2,2020,203I,840446.129999999
5,2019,LINA,682687.646
6,2019,L339,409157.379999999
12,2020,203I,867829.659999999
1,2022,LMAV,122228.225
7,2019,203M,894766.413
3,2019,L125,72035.24
2,2019,LEXP,431982.726
12,2021,LINA,621827.344
10,2023,N339,177090.93
3,2020,L339,315626.374
3,2019,LEXP,504545.609
1,2020,L339,362776.673
4,2023,LMAV,161900.219
1,2019,359V,353280.039
4,2023,N339,144118.563
6,2019,LEXP,486045.241
8,2021,N339,116193.14
5,2022,LINA,622115.706999999
7,2019,359V,366395.223
9,2023,LINA,663152.507000001
9,2019,359V,313226.493
9,2022,N339,125518.748
5,2022,203M,1092695.65
2,2020,L339,327608.522
1,2023,N339,127750.738
11,2023,N339,70989.842
6,2019,203M,803382.302
3,2019,359V,370693.552
4,2022,N339,144372.155
11,2019,L339,348273.543
5,2019,L339,420815.867000001
11,2022,N339,143657.823
1,2022,N339,118972.009
2,2021,203I,775878.629999999
7,2022,N339,145020.493
8,2021,LINA,545123.958
2,2023,L103,173143.318
3,2021,L339,249071.838
6,2022,N339,144539.853
2,2022,N339,106719.583
5,2022,N339,137778.942
1,2021,203I,845838.08
5,2019,LEXP,487703.515000001
7,2020,203I,806805.629999998
1,2023,LINA,555151.621
10,2022,N339,119961.287
5,2021,LINA,505000.495999999
9,2021,N339,101317.692
4,2022,LMAV,170583.6
8,2022,N339,130699.019
9,2020,203I,832028.47
6,2021,203I,852313.450000003
4,2023,LINA,627314.711999999
11,2019,203M,1072197.63
3,2022,N339,141074.769
10,2019,LINA,714759.951999999
11,2021,N339,129477.464
6,2019,LINA,666220.230000001
6,2019,LMAV,222271.944
12,2021,N339,117114.9
3,2019,LINA,704364.566999999
11,2021,203I,908814.542000001
5,2019,359V,357252.873
1,2021,LINA,453345.319
4,2021,LINA,567729.859000001
10,2019,359V,296292.442
7,2019,LINA,679177.683
5,2022,203I,1040571.86
5,2023,LMAV,180494.28
11,2023,LINA,285163.041
8,2019,LIGM,78022.1849999999
12,2022,N339,131588.135
10,2023,L339,289005.775000001
3,2023,L339,282132.591
1,2019,LEXP,470179.436000001
2,2019,LINA,596868.425000001
1,2022,203I,766110.81
4,2019,359V,366666.722
4,2019,LINA,683593.328000001
7,2022,203I,1012115.75
11,2019,LINA,680059.515
8,2019,359V,339676.576
6,2023,203I,905107.659999999
8,2019,LINA,702008.721999999
12,2019,LINA,679916.913
1,2019,LINA,644979.837000001
5,2020,203I,823915.030000001
1,2019,LMAV,219552.245
2,2019,LMAV,201996.306
10,2020,203I,906338.689999999
8,2020,L339,95499.896
8,2022,203I,969024.56
1,2020,LINA,634848.361000001
9,2020,LINA,463775.488
4,2023,L110,227467.702
8,2022,LINA,676763.193999999
5,2022,L339,312330.444
12,2019,LMAV,207142.963
10,2019,203I,1051196.208
4,2022,LINA,611163.499
3,2022,LINA,649827.574
7,2022,L339,305933.396000001
9,2022,L339,314540.243
4,2022,L339,295420.243
10,2022,LINA,611037.369
6,2022,L339,318554.95
3,2022,L339,323735.799
12,2021,L339,269435.619
8,2020,LI41,340374.580000001
7,2019,L339,425492.468
3,2019,L107,314803.221
4,2019,LI41,329131.97
10,2022,203M,1000836.9
4,2020,203I,719142.129999999
8,2020,203M,803506.950000002
6,2022,LINA,627701.884000001
9,2022,LINA,655768.322000002
6,2019,359V,343019.137
5,2019,LMAV,241882.865
8,2019,203M,1031202
6,2019,L130,76407.84
10,2021,LINA,594673.633
11,2020,203I,879076.43
5,2019,203M,793300.509000003
4,2019,LMAV,225306.172
3,2019,LMAV,229706.043
8,2019,L339,428620.783
1,2019,203I,807981.546999998
9,2022,203M,991479.25
7,2019,L130,79819.2950000001
6,2020,203I,810546.3
3,2023,L107,193835.867
9,2019,LEXP,473397.653000001
2,2022,203I,795532.020000001
1,2019,203M,657871.988
11,2021,LEXP,382890.456000001
1,2021,203M,787636.21
10,2019,LMAV,221381.871
4,2023,LEXP,355462.23
10,2019,LIGM,93505.6480000001
2,2022,LINA,442104.904
8,2021,L339,243950.869
10,2019,L359,259983.403
4,2019,LEXP,500300.782999999
12,2019,203I,971481.629999998
4,2023,LIGM,89255.42
10,2021,N339,111992.385
4,2020,203M,717078.890000003
8,2023,L339,288010.54
11,2020,LIGM,80143.7890000001
9,2023,203I,997917.799999999
9,2019,LMAV,214662.115
7,2019,L359,292033.915
4,2019,L339,436312.167
7,2020,203M,768110.090000001
8,2019,LEXP,512043.987999999
4,2019,203M,786548.308000002
2,2019,359V,336748.079
10,2021,LEXP,330017.408
11,2019,203I,1028235.52
10,2021,203M,946452.768000001
9,2021,L315,181599.35
1,2023,203I,836080.620000002
12,2020,L339,156551.849
10,2023,203M,964641.520000002
9,2021,L359,186270.074
9,2023,L359,152369.628
11,2021,203M,972540.364
8,2021,203I,984040.029999999
2,2020,203M,845314.069999999
1,2019,L359,268164.037999999
3,2020,203I,903386.029999997
11,2021,L359,197551.073
9,2021,LINA,587625.923000001
3,2020,LINA,597012.333
12,2019,LEXP,454115.983
10,2022,203I,951286.669999999
3,2019,203M,767315.234999997
3,2023,L110,231255.724
3,2021,LINA,518300.013999999
11,2023,203M,405848.34
7,2021,203M,897387.110000001
2,2021,LINA,408769.141000001
2,2022,L339,222845.364
1,2020,203I,912235.52
10,2021,203I,880333.727
12,2022,203I,862828.309999999
10,2023,203I,979651.41
6,2020,L339,82961.0710000001
10,2021,359V,77624.839
3,2023,L146,150767.959
6,2023,L339,234681.336
6,2023,L142,291520.285
7,2023,L339,275776.154
10,2021,L339,273723.733
7,2019,LEXP,498744.696000001
1,2021,L339,202987.941
11,2023,L140,47007.213
2,2020,LINA,583964.520000001
5,2021,203I,932429.280000001
11,2022,203I,959378.850000002
11,2023,L339,87287.828
5,2023,203M,988262.710000003
10,2021,L359,189477.603
4,2022,203I,1031106.6
2,2023,203I,740207.8
11,2021,L339,277278.719
7,2023,203I,930474.940000004
6,2021,203M,830453.490000001
9,2020,203M,799577.439999999
9,2021,203I,962214.710000001
6,2022,203I,1000301.46
5,2020,LINA,320282.563
2,2019,203I,742818.36
5,2019,L130,80807.146
1,2023,L339,259834.757
10,2023,LINA,663285.686
5,2023,203I,953127.680000001
2,2021,L339,180513.69
8,2023,203I,1023086.96
3,2023,L133/125,172945.213
5,2021,203M,924627.499999999
2,2021,203M,725548.699999999
5,2020,203M,799519.290000001
11,2019,LMAV,212886.273
6,2020,LINA,460027.158
5,2019,L359,294769.213
2,2023,L339,223411.694
10,2020,203M,876593.190000001
11,2019,LEXP,460203.075
3,2023,203I,936005.529999999
1,2021,LEXP,244951.066
1,2019,LIGM,68710.288
7,2023,LMAV,166560.847
3,2021,203I,921968.19
7,2020,LINA,451059.482
8,2022,LMAV,177682.187
2,2019,L359,249894.402
10,2023,LEXP,311398.499
4,2021,L339,258410.058
8,2023,LEXP,355175.817
12,2022,L339,259634.445
8,2020,LINA,478785.089
9,2023,LEXP,344481.499999999
5,2021,N339,69961.784
6,2021,L339,175893.334
5,2021,L440,908857.23
6,2023,LMAV,161130.514
6,2023,LEXP,247147.498
9,2019,L359,263036.727
8,2019,LI41,363703.38
5,2021,L339,187546.731
7,2021,L339,197502.361
4,2023,L339,266959.17
9,2022,203I,968566.899999999
3,2021,N339,91284.29
6,2021,N339,91663.037
10,2019,203M,1061587.88
6,2023,203M,925069.29
3,2019,LIGM,70006.1170000002
8,2021,L359,176410.792
9,2022,LEXP,396526.983
12,2020,LINA,449826.533
12,2020,LMAV,115213.845
5,2019,L129,80745.459
4,2019,LIGM,69635.1599999999
3,2023,L122,222562.066
5,2023,LEXP,328469.252
7,2021,LI41,340521.500000001
2,2019,LIGM,68905.807
6,2021,LINA,423896.784
10,2021,LMAV,139833.102
7,2022,LMAV,160409.681
11,2020,LMAV,43261.63
4,2021,N339,91395.865
12,2019,L339,373512.982
2,2019,L107,260422.197
10,2021,L107,187231.85
11,2019,L440,1093624.229
8,2022,203M,1015709.55
8,2020,L142,211457.409
3,2023,L130,61410.855
1,2023,203M,922337.300000001
1,2022,LEXP,311731.117000001
3,2023,L103,247876.795
6,2020,203M,819747.640000002
3,2022,203I,1082050.88
4,2023,203I,887653.140000001
11,2022,LMAV,173451.317
12,2020,203M,838989.070000001
11,2021,359V,54711.815
7,2021,L740,245952.32
8,2019,LMAV,219177.015
7,2021,203I,909669.03
9,2023,LMAV,173545.276
12,2020,LI41,308089.879999999
2,2022,LMAV,118634.191
12,2019,L440,1028223.476
8,2019,L359,286992.494
4,2020,LINA,344398.118000001
3,2021,203M,932060.429999998
3,2022,LMAV,177915.845
7,2021,N339,91995.788
5,2022,LEXP,361070.494
8,2019,L130,79264.192
10,2020,L339,115743.967
6,2022,LMAV,176011.478
11,2019,LIGM,68736.8259999999
4,2023,203M,936542.34
7,2023,LEXP,291321.834999999
2,2021,LMAV,113481.667
9,2019,203I,979918.120000001
2,2022,203M,821788.86
9,2019,LIGM,50226.836
4,2021,203I,894182.810000001
2,2019,203M,600726.363999999
11,2023,203I,414482.26
11,2020,LI41,325974.389999999
3,2020,LIGM,27098.78
1,2020,203M,886749.059999999
4,2019,L130,79452.944
3,2020,L740,235567.67
5,2023,LIGM,88602.562
9,2023,203M,978893.040000002
10,2020,LIGM,100613.06
6,2019,L359,287596.213000001
11,2022,LEXP,391962.222
5,2022,LMAV,175913.481
3,2020,LMAV,176339.745
1,2020,LMAV,204900.727
3,2023,L142,323727.832
2,2021,LEXP,230075.658
12,2021,LEXP,365153.871
8,2021,203M,946008.073999998
8,2023,L145/133,239905.073
4,2022,203M,1043018.22
10,2023,359V,195973.186
6,2020,LI41,334448.06
10,2021,LIGM,112231.35
12,2021,203I,928086.819999998
3,2023,L128,102706.525
11,2023,LMAV,55467.454
4,2023,L142,311065.301
2,2020,L315,185886.428
11,2021,L142,303729.248
8,2023,203M,1012674.72
3,2023,LEXP,399241.920000001
1,2021,LI41,249946.55
10,2022,LMAV,159050.92
1,2021,L740,236197.22
11,2020,LINA,463671.021
6,2022,203M,1042872.36
3,2023,L102/144,105693.762
10,2020,LINA,469041.203
5,2019,LIGM,82071.8890000001
11,2022,203M,982879.149999999
9,2023,359V,169562.089
6,2023,359V,210068.302
3,2020,L440,896683.479000003
12,2021,203M,1002267
1,2021,L440,756980.42
3,2023,LMAV,171122.604
3,2023,L145/133,217240.145
5,2021,L315,231413.02
9,2021,L440,940255.040000001
4,2020,L339,77244.9379999999
9,2021,203M,953672.899999999
11,2020,203M,849704.359999998
3,2023,LIGM,100518.626
12,2022,LMAV,159672.804
9,2021,LMAV,137345.049
7,2023,203M,917628.009999997
8,2023,LI41,325143.12
6,2023,L122,211776.033
9,2023,LI41,324889.1
10,2021,L101,83218.544
4,2023,359V,92607.742
5,2020,LI41,276706.08
11,2021,LMAV,150801.169
3,2022,359V,57776.06
11,2023,LEXP,136520.805
2,2023,LMAV,135233.934
7,2022,203M,1016248.99
10,2020,LMAV,114695.266
1,2021,LMAV,111913.533
10,2021,L133/125,155029.498
6,2023,L103,235491.111
11,2021,L143/136/137,162433.474
12,2022,LEXP,373810.211
3,2021,LMAV,144408.201
3,2020,L142,280632.814
6,2021,LMAV,108413.542
9,2019,203M,1014650.95
11,2021,L740,270787.53
4,2021,LMAV,138116.256
4,2020,LMAV,114549.224
12,2021,LMAV,147739.66
1,2023,LEXP,328800.03
9,2022,LMAV,173445.698
4,2022,LEXP,362796.038
12,2020,N339,57425.88
8,2020,N339,11498.103
11,2020,N339,15559.633
3,2023,203M,999308.62
6,2022,LIGM,98041.7989999999
11,2021,L102/144,109837.975
4,2023,L359,177903.453
7,2020,L440,842984.769999997
2,2023,203M,811309.65
7,2020,N339,3448.648
1,2021,L359,208681.379
4,2021,203M,865682.410000001
12,2022,203M,908065.839999999
1,2022,203M,854434.140000001
7,2021,LINA,427841.271
1,2023,LMAV,155279.421
5,2022,L440,1013134.64
1,2020,LEXP,423441.217000001
5,2020,LMAV,37634.693
3,2019,L359,299055.103
2,2020,LMAV,180705.935
6,2019,L440,1011849.274
9,2020,LMAV,55162.39
6,2022,359V,74587.298
3,2020,LEXP,372207.786
1,2019,L315,214421.97
1,2019,L145,166087.878
5,2019,L142,327192.346
10,2023,L143/136/137,183123.965
10,2023,L140,110608.915
7,2022,L359,201800.753
12,2020,L142,250686.39
12,2020,359V,78721.279
1,2021,N339,72076.322
10,2019,L740,300365.393
2,2021,N339,72135.828
4,2023,L133/125,164267.721
3,2023,L140,115079.698
8,2023,359V,154214
12,2020,L440,814058.577999999
7,2020,L142,26580.482
9,2022,359V,49772.82
3,2020,359V,236963.364
3,2022,LEXP,398082.802000001
7,2022,LEXP,346226.676000001
3,2021,L440,887318.126
10,2023,L133/125,163226.049
6,2019,L102,166517.461
2,2019,L145,142569.132
5,2020,L339,27665.979
10,2019,L440,1148777.785
10,2021,L440,953827.540000004
5,2022,LIGM,93011.8090000001
8,2020,LMAV,91960.574
3,2020,L359,212869.63
11,2023,L315,117480.09
6,2020,LMAV,95715.9779999999
5,2021,LMAV,106204.147
9,2021,LIGM,124394.679
6,2022,LEXP,364473.827
7,2021,LMAV,102314.569
8,2019,L440,1122126.624
8,2021,LMAV,121363.303
8,2020,LIGM,90299.308
4,2021,LEXP,308420.986
10,2019,LEXP,484543.372
10,2021,L142,293057.288
3,2021,LI41,336011.49
10,2020,359V,137569.026
7,2020,LMAV,16293.082
5,2019,L315,289398.208
9,2021,LEXP,325267.188
6,2019,LIGM,53093.1940000001
1,2020,L740,251122.296
10,2020,N339,16991.834
6,2020,N339,15350.046
8,2020,LEXP,219017.642
7,2023,L122,232673.672
2,2020,LEXP,378553.374999999
5,2023,L103,259688.891
7,2019,L440,1094946.145
11,2019,359V,281958.919
11,2020,359V,40052.916
5,2019,L102,170872.247
5,2019,L107,312723.844
1,2022,359V,68395.8249999999
4,2020,LEXP,240515.24
1,2021,359V,60645.589
8,2021,L440,938529.679999999
7,2023,L110,231986.262
1,2022,L359,166341.704
9,2019,L142,329825.435
6,2020,LIGM,20529.157
8,2022,LEXP,410620.227000001
12,2020,LEXP,242942.458
4,2021,L145/133,215900.9
10,2022,LI41,319084.65
8,2021,LEXP,284419.364
4,2020,N339,14621.994
5,2021,LEXP,236889.782
6,2020,L440,843548.599000003
10,2023,L107,208330.21
7,2020,L339,8321.42
2,2022,LEXP,305749.167
8,2022,L440,958201.019999999
4,2021,L440,888056.200000001
6,2021,LEXP,195682.227
6,2020,L107,134284.868
6,2020,L359,141360.004
2,2023,LEXP,282455.965
4,2020,359V,121762.177
4,2023,L107,193668.613
3,2019,L142,338704.772000001
10,2023,LMAV,134148.891
9,2020,LEXP,99345.949
10,2022,LEXP,348278.328
1,2023,359V,55739.149
7,2021,LEXP,243221.317
11,2023,L110,104965.254
5,2021,359V,32572.197
5,2020,LEXP,83932.75
6,2022,L440,962426.009999999
6,2021,359V,107437.783
7,2023,359V,222720.407
4,2022,LI41,362098.08
7,2021,359V,88598.6460000001
10,2023,L126,54346.776
5,2023,L130,64917.938
11,2023,359V,64819.219
10,2019,L110,249582.345
4,2019,L142,332950.768
10,2019,L315,289244.595
8,2021,LI41,335776.81
12,2019,L359,241866.216
4,2020,L440,676504.791999999
11,2022,LIGM,104433.843
12,2021,359V,76201.027
5,2023,L359,161893.151
7,2020,L315,202504.979
5,2023,359V,173201.501
2,2021,L315,172480.81
9,2020,LI41,327883.74
5,2020,L440,815867.944999999
7,2020,L107,22161.946
3,2021,L315,219865.33
7,2021,L440,888343.210000001
1,2020,L359,218970.746
1,2022,LIGM,88660.117
1,2023,L359,165327.78
9,2019,L440,1107504.236
3,2022,LIGM,127296.377
8,2023,L110,244376.844
9,2023,L315,265551.18
1,2021,LIGM,69995.8280000001
7,2019,L315,293053.899
2,2022,L359,164319.328
4,2019,L107,306658.092
7,2022,L145/133,225780.931
5,2021,L359,174102.494
2,2020,LIGM,16000.173
1,2020,L315,202703.618
10,2020,LEXP,203791.004
5,2022,LI41,376043.5
6,2022,L145/133,221823.259
3,2021,359V,73042.468
8,2023,L359,170229.231
4,2023,L103,262243.176
4,2022,359V,58949.247
6,2019,L146,177326.411
6,2023,L107,175227.191
11,2020,L339,47750.629
11,2022,L440,1025969.76
12,2019,L146,173713.202
1,2020,LIGM,60223.767
7,2023,LIGM,78278.8809999999
9,2020,L339,56008.55
3,2023,L359,184804.93
2,2023,359V,95673.146
5,2022,L145/133,219812.877
4,2021,L359,236999.694
8,2022,LIGM,113467.993
6,2023,L101,86520.774
6,2023,LIGM,78745.031
11,2022,L138,97047.3230000001
1,2019,L103,205323.053
2,2021,L440,672089.62
10,2023,L359,160997.671
3,2022,L359,212939.161
3,2023,359V,91959.8350000001
3,2019,L130,76464.8049999999
7,2022,359V,69446.67
4,2023,L143/136/137,172143.534
4,2021,359V,58841.271
12,2019,359V,267470.611
2,2021,359V,90501.6540000001
7,2023,L142,312336.536
2,2020,L440,822068.541999998
3,2021,LEXP,319280.949
4,2022,L359,200578.841
4,2023,L102/144,100270.571
10,2022,359V,57473.475
11,2021,L440,950261.03
6,2023,L145/133,202861.904
1,2019,L142,297140.561
5,2021,LI41,310419.02
5,2022,359V,72044.762
11,2019,L359,243129.455
2,2022,359V,46876.139
3,2022,LI41,370016.15
2,2020,L359,197839.436
12,2022,359V,35905.686
11,2022,359V,43891.872
6,2019,L142,325825.155
11,2020,L440,834389.310999997
2,2019,L440,827255.959000002
11,2021,LIGM,120974.774
1,2022,L440,730267.399999999
10,2020,L359,163085.839
3,2023,L315,250236
1,2019,L125,68974.0050000001
12,2021,LIGM,90404.954
3,2019,L145,170050.045
2,2022,L315,177294.89
3,2019,LI41,326016.96
10,2023,L110,236617.405
12,2019,L315,246134.582
1,2020,359V,242005.866
12,2020,LIGM,79532.2769999999
4,2023,L440,974705.909999999
4,2022,L440,959962.020000002
5,2022,L359,185767.153
11,2023,L143/136/137,78172.902
7,2020,LI41,340402.63
4,2019,L145,171772.699
2,2021,L359,184561.354
4,2023,L145/133,214050.053
5,2023,L122,233168.455
2,2019,L142,271568.412
9,2022,L440,1001639.18
12,2021,LI41,360642.12
3,2023,L138,98822.838
11,2021,LI41,350535.82
9,2020,L133,59429.514
2,2020,L133,163656.5
7,2019,L142,328262.935
4,2020,L142,223942.47
6,2021,LI41,347080.610000001
1,2020,L440,929104.683000002
5,2019,L440,1025656.154
11,2023,L359,86325.389
9,2023,L143/136/137,183974.311
6,2021,L440,834935.960000001
6,2020,LEXP,206542.561
2,2022,L440,732934.530000001
11,2020,L359,77630.994
4,2021,LIGM,101794.968
10,2022,L440,1025044.93
5,2021,LIGM,91605.5820000001
9,2020,N339,7911.449
10,2019,L142,338013.133000001
4,2023,L122,224775.879
8,2019,L146,183041.58
5,2023,L146,153453.517
11,2019,L107,204867.488
4,2019,L146,186351.747
6,2019,L315,294784.142
11,2023,L138,40363.027
2,2020,LI41,275839.29
1,2021,L142,231171.731
5,2023,L145/133,230050.441
11,2023,LIGM,39274.224
10,2023,L128,111868.382
3,2021,LIGM,103806.639
2,2019,L103,194316.916
9,2022,L315,275043.77
8,2022,L315,275813.49
8,2023,L122,241155.232
1,2020,L142,288840.846
9,2023,L440,1008669.14
9,2020,359V,65889.665
2,2021,LIGM,16672.015
2,2022,LIGM,109931.386
2,2022,LI41,283946.41
7,2022,L142,297387.315
11,2023,L103,95777.153
12,2019,L740,263000.655
10,2020,L133,115580.954
6,2020,L145,88839.204
1,2019,L143,200306.343
5,2022,L315,285677.23
8,2019,L142,335651.666
11,2019,L142,319432.091
4,2020,L359,156763.347
5,2023,L440,999756.860000004
11,2020,L740,236462.77
2,2020,L142,264266.428
9,2020,L440,833927.253999999
10,2023,L315,265365.43
11,2022,L133/125,167932.461
6,2023,L128,102708.747
8,2022,LI41,358234.36
7,2020,L740,241018.61
10,2020,L101,58366.983
8,2020,L359,153665.848
11,2022,L142,325194.700000001
4,2019,L440,1041919.789
10,2023,L103,223027.439
7,2019,L110,254931.869
10,2020,L110,170977.013
6,2019,L740,305342.309
9,2023,L142,334252.180000001
4,2023,L101,94298.716
8,2021,LIGM,101359.621
2,2020,359V,219423.429
12,2019,L142,316271.571999999
3,2021,L359,235665.366
12,2019,L143,218891.552
8,2019,L740,334687.885
8,2022,359V,45183.668
5,2020,L142,78930.8460000001
10,2019,L133,206834.216
3,2023,L440,1051998.14
3,2023,L143/136/137,175454.883
11,2020,L315,203924.31
4,2019,L110,245389.772
9,2023,L133/125,167228.141
9,2023,L101,93201.7479999999
2,2020,L110,189718.343
7,2022,L133/125,166756.228
4,2020,L315,162689.724
10,2020,L145,120825.242
1,2020,LI41,303263.809999999
6,2022,L133/125,164330.539
4,2019,L102,161312.287
9,2019,L133,200065.75
1,2022,L315,193686.93
2,2022,L740,202958.33
7,2019,L102,143877.311
6,2020,L143,133002.913
11,2020,L110,108916.049
10,2020,L102,38940.589
8,2019,L110,262126.071
4,2023,L146,147100.193
12,2021,L359,179683.914
4,2021,LI41,316503.12
12,2020,L145,126551.441
6,2019,L110,242357.288
2,2023,L133/125,122225.115
5,2019,L110,250019.887
4,2019,L359,290877.892
7,2023,L133/125,166590.912
2,2019,L110,205323.16
10,2023,L145/133,228047.891
3,2019,L110,247536.573
5,2023,L142,329464.073
7,2021,LIGM,92797.286
12,2020,L110,175319.871
6,2023,L440,1000752.9
10,2020,L440,844315.378000002
2,2023,L359,120149.308
4,2023,L138,96132.9790000001
4,2020,LI41,211787.53
5,2019,L101,121964.047
4,2020,L143,147772.445
4,2022,L315,291776.58
11,2023,L145/133,99062.3720000001
9,2021,359V,67728.718
9,2020,L102,19864.919
5,2020,L145,30576.536
8,2023,L142,329461.972
11,2020,L145,78398.633
4,2022,LIGM,116191.842
1,2019,L110,214076.907
6,2020,L110,127293.279
3,2020,L102,74694.3119999999
1,2023,L440,844611.77
8,2020,L440,842090.984000001
8,2019,L102,104760.108
11,2019,L110,236203.878
7,2019,L129,83916.0099999999
11,2020,L133,72450.6430000001
10,2021,LI41,358112.747
5,2019,L146,178226.425
3,2020,L145,132917.613
10,2023,LIGM,38574.7790000001
12,2019,L145,149590.747
11,2019,L133,195866.842
12,2020,L102,39009.981
12,2019,L110,226027.817
4,2020,L101,57411.708
8,2019,L101,127462.69
11,2020,L103,120165.477
12,2021,L440,936228.310000002
8,2019,L129,85331.276
2,2021,L110,163509.41
6,2022,LI41,356182.660000001
9,2019,L110,249017.236
9,2021,LI41,344873.54
12,2020,L359,212144.001
2,2023,LI41,243830.43
5,2021,L145/133,163579.1
12,2022,L440,921526.439999999
2,2021,L103,171038.899
1,2021,L102,28233.475
5,2020,L143,51971.161
4,2020,L145,85036.1530000001
5,2020,L102,14771.725
7,2020,LIGM,61813.406
2,2022,L110,163313.952
6,2023,L146,138687.263
9,2022,L133/125,170495.479
10,2022,L315,265887.06
12,2022,L133/125,148532.224
7,2019,L133,77157.648
3,2019,L440,1081937.513
12,2019,LI41,390816.610000001
6,2021,LIGM,96914.706
1,2022,L110,179946.456
1,2022,L133/125,119863.802
3,2021,L142,268951.239
4,2019,L101,119875.095
1,2021,L133/125,45535.434
7,2019,L101,118444.946
10,2023,L440,998089.18
4,2022,L740,270580.28
3,2020,L110,197360.139
4,2020,L110,134144.828
3,2019,L143,221283.816
6,2023,L110,210600.516
9,2021,L110,224918.877
1,2019,L129,75684.495
5,2020,L133,40229.291
1,2023,LI41,273233.07
2,2019,L143,180906.533
6,2022,L110,224501.424
10,2023,L142,329470.149
11,2020,L102,23375.812
8,2021,L110,211407.021
3,2020,LI41,297046.68
10,2020,L129,52734.535
5,2023,L133/125,166455.431
8,2023,L138,100332.571
1,2021,L145,88834.775
6,2023,L133/125,148257.781
1,2021,L110,165769.951
9,2022,LI41,333065.03
10,2022,L133/125,150158.178
7,2022,LI41,347382.860000001
10,2022,LIGM,89520.5780000001
6,2019,L101,116058.142
5,2022,L133/125,155327.83
7,2022,L110,224910.857
5,2020,L315,188893.93
5,2019,L143,219947.902
4,2021,L110,193428.676
5,2021,L110,141496.495
8,2022,L110,244003.166
7,2023,L440,971583.150000003
9,2019,L143,226630.904
4,2019,L315,295066.409
3,2021,L110,203729.233
11,2020,LEXP,91278.124
3,2020,L143,193771.325
11,2023,L133/125,70389.4529999999
4,2021,L315,231998.6
2,2020,L107,176971.205
11,2019,L143,218967.705
10,2020,LI41,312979.9
10,2020,L740,250997.3
7,2019,LIGM,32726.037
3,2021,L145/133,218171.521
1,2022,LI41,286468.060000001
9,2022,L142,314532.521999999
1,2020,L110,212595.879
3,2020,L129,71694.442
8,2019,L143,231484.915
1,2019,LI41,287749.6
8,2020,L740,238032.32
3,2019,L129,85069.109
6,2019,L107,295936.251000001
9,2020,L129,28413.022
3,2022,L110,225923.895
10,2021,L110,210339.166
12,2020,L133,129076.687
9,2019,LI41,356485.51
6,2022,L315,277970.76
11,2022,LI41,320959.790000001
10,2019,LI41,391896.24
6,2019,L143,213463.341
11,2019,L129,79201.835
4,2020,L129,51402.989
4,2021,L133/125,182822.351
2,2020,L129,70641.3390000001
3,2019,L128,141411.459
1,2020,L143,206298.343
8,2020,L129,48669.321
5,2020,L359,54870.809
3,2019,L101,115806.722
7,2019,L107,271055.953
8,2023,L315,283677.22
6,2019,L129,81275.349
4,2019,L143,218353.675
9,2020,L110,66601.985
11,2020,L129,33178.149
2,2023,LIGM,79196.603
6,2020,L133,107132.147
2,2019,L102,125954.745
11,2023,L142,145974.728
2,2020,L143,186157.157
11,2022,L145/133,228998.939
7,2022,L122,221081.686
2,2022,L142,215783.497
9,2020,L359,81927.195
12,2022,LIGM,73671.4980000001
10,2019,L143,229907.913
11,2021,L315,188186.27
10,2021,L128,104429.216
1,2023,L142,275767.197
4,2019,L129,79758.257
2,2023,L440,744413.599999998
5,2020,L110,44344.882
3,2020,L315,235138.085
8,2023,L440,1019231.61
2,2020,L145,129716.385
4,2019,L128,139563.126
12,2022,L142,293480.642
12,2020,L129,55964.3899999999
9,2019,L129,83551.054
8,2021,359V,75966.947
1,2020,L129,75513.632
12,2021,L142,286338.533
2,2022,L102/144,64131.03
12,2020,L103,183572.345
4,2019,L740,322237.618
5,2022,L110,213582.9
3,2022,L440,993577.839999999
8,2023,L102/144,105192.906
7,2023,L145/133,225821.473
12,2021,L110,215416.027
2,2021,L142,212632.081
8,2022,L133/125,171040.561
9,2023,L103,230450.581
7,2023,L740,255027.13
1,2023,L740,243427.03
10,2019,L128,146226.598
6,2020,L129,44719.242
9,2023,L107,204541.632
8,2020,L110,141299.883
12,2019,L133,195748.296
11,2022,L110,240225.875
2,2021,L133/125,176601.354
2,2019,L129,69275.223
10,2020,L103,178527.193
6,2019,L145,160269.12
2,2021,L101,49561.922
12,2020,L315,199447.11
5,2020,L129,20200.348
11,2021,L110,222840.605
10,2020,L315,205986.97
7,2019,L146,180927.997
10,2019,L145,167986.513
11,2020,L101,34091.864
11,2020,L142,157097.554
8,2023,L101,101411.417
9,2019,L101,119791.226
1,2021,L143,133563.608
1,2023,L102/144,88114.8760000001
2,2021,LI41,250416.9
1,2021,L129,39081.329
1,2021,L103,178308.713
3,2019,L102,159407.869
2,2023,L110,174824.876
11,2022,L315,278797.23
7,2023,L101,93389.554
2,2019,L130,59990.564
1,2020,L102,74759.0810000001
10,2021,L130/146,147372.991
1,2023,L110,197630.554
3,2020,L133,175645.239
8,2019,L145,180099.517
11,2019,L128,139591.309
7,2019,L143,219918.04
9,2020,L143,73995.3990000001
7,2022,L315,265515.4
11,2020,L143,114874.427
4,2022,L110,206946.17
11,2021,L145/133,230922.259
8,2020,L133,115210.29
8,2020,359V,146178.622
6,2022,L103,193211.659
8,2023,L143/136/137,188098.926
8,2023,L740,271824.11
6,2021,L359,135026.808
11,2019,L315,272185.107
8,2020,L101,44055.474
2,2019,L146,151281.229
1,2023,L315,212469.75
2,2020,L128,107494.023
11,2023,L146,65522.818
8,2020,L143,153915.305
12,2019,L107,198807.86
1,2019,L102,137691.018
9,2020,L145,47313.9129999999
7,2023,L359,125586.015
7,2019,L103,231006.431000001
2,2023,L145/133,171746.206
9,2023,L102/144,101950.252
8,2023,LIGM,100080.39
10,2022,L107,175448.927
3,2020,L107,175373.885
11,2022,L103,217739.59
3,2021,L143/136/137,185207.521
11,2019,LI41,350315.89
8,2020,L102,32189.175
12,2021,L315,242848.13
10,2022,L359,176908.203
2,2019,L315,198380.431000001
1,2022,L740,227602.3
8,2019,L103,231549.628
4,2020,L102,41621.035
8,2021,L103,193034.755
12,2019,L103,222006.531
10,2022,L103,196359.974
4,2023,L128,103207.44
5,2019,L740,315401.211999999
7,2022,L440,909858.630000001
1,2019,L130,64556.843
6,2021,L315,190834.08
6,2019,L128,138541.578
9,2023,L145/133,231427.385
7,2019,L145,173656.456
5,2021,L128,76388.6710000001
9,2021,L142,298126.442
2,2020,L102,65990.297
8,2023,L103,234075.074
10,2021,L102/144,107133.735
6,2019,L103,217479.489
6,2022,L359,191289.39
8,2019,L133,205333.515
12,2020,L740,240292.39
3,2021,L101,76988.0610000001
11,2022,L359,197112.217
2,2022,L133/125,109134.974
5,2019,L128,143063.09
10,2021,L145/133,223106.857
10,2019,L102,99252.379
1,2020,L107,191527.729999999
6,2020,L128,79444.799
8,2021,L133/125,155539.797
1,2019,L440,904259.156999997
8,2020,L146,111899.488
12,2019,L128,128428.713
4,2021,L128,111286.637
3,2020,L146,146607.91
5,2022,L142,285713.682
2,2019,L128,115459.989
9,2019,L315,276577.488
10,2019,L129,84020.9819999999
4,2022,L142,269412.873
1,2023,L133/125,142990.655
12,2022,L145/133,198702.904
11,2021,L130/146,150326.885
12,2019,L129,79080.9340000001
1,2020,L133,180839.032
1,2022,L142,234519.433
12,2022,L110,215032.341
12,2019,L102,79545.7789999999
12,2019,L130,64087.8450000001
7,2021,L110,160903.757
9,2019,L102,99196.8960000001
11,2019,L102,89630.1700000001
8,2020,L128,87837.8540000001
3,2019,L315,278968.008
11,2020,L130,24216.287
4,2019,L103,223295.622
9,2019,L128,140134.249
7,2020,LEXP,19975.078
4,2022,L145/133,215190.171
11,2019,L103,224902.351
1,2023,L126,38294.464
7,2020,L143,17030.429
7,2020,L103,17726.152
12,2019,LIGM,18295.699
3,2020,L103,194463.029
7,2021,L102/144,72980.012
11,2023,L440,416708.57
9,2020,L103,77544.5090000001
8,2022,L142,318773.895
2,2023,L315,197671.56
1,2019,L146,160395.38
4,2020,L103,157052.606
7,2023,L143/136/137,180341.291
12,2022,L103,200361.644
10,2021,L143/136/137,159464.48
5,2023,L140,112590.454
8,2022,L103,207104.322
3,2021,L128,110952.143
11,2019,L144,66008.529
6,2020,L146,103616.064
7,2023,LI41,314624.06
3,2023,L126,47468.46
2,2021,L102/144,71160.036
8,2019,L128,144707.698
7,2019,L128,140080.183
7,2020,L359,17150.321
2,2020,L103,192374.547
5,2019,L103,223388.873
12,2020,L143,177922.813
10,2019,L103,231189.42
2,2019,L101,91156.8960000001
1,2019,L128,124657.802
3,2019,L103,225246.37
3,2020,L128,116900.324
10,2023,L122,244687.47
9,2019,L103,229522.447
6,2023,L315,247722.04
2,2023,L142,247178.028
10,2022,L142,286837.544
5,2020,L146,38964.636
12,2020,L101,61057.932
6,2021,L133/125,141658.219
4,2021,L102/144,102477.243
1,2020,L130,63780.971
8,2019,L315,283416.927
11,2022,L102/144,99536.798
2,2020,L146,152755.772
8,2020,L315,201183.79
3,2022,L143/136/137,181273.133
3,2021,L102/144,112607.196
11,2019,L740,279944.979
3,2021,L133/125,192101.977
5,2020,L107,51024.766
4,2021,L740,237737.63
3,2022,L142,284200.696
5,2023,L315,250600.41
11,2021,L101,81860.782
11,2021,L107,186252.761
7,2021,L315,215364.13
7,2019,LI41,349892.12
10,2021,L103,197810.504
1,2020,L128,123811.149
7,2023,L107,195328.568
2,2022,L143/136/137,125803.887
7,2023,L138,94100.8089999999
12,2020,L144,32166.129
9,2019,L146,175625.171
10,2019,L107,209369.047
8,2023,L133/125,169296.856
4,2021,L142,264475.828
8,2021,L143/136/137,164558.818
5,2021,L143/136/137,136137.026
11,2019,L146,173866.421
4,2020,L128,84233.084
5,2023,L138,101227.119
12,2021,L133/125,148801.687
12,2022,L315,234919.14
1,2021,L128,76675.96
8,2020,L103,158303.82
8,2023,L146,159244.72
9,2022,L359,197145.871
7,2021,L130/146,116699.041
8,2021,L142,280472.471000001
6,2020,L103,137515.329
2,2021,L128,80600.6120000001
4,2020,L146,115817.139
3,2021,L103,209872.097
7,2021,L133/125,135568.249
11,2020,L144,19664.3
1,2023,LIGM,75233.488
1,2020,L103,208113.232
6,2021,L110,158032.479
10,2019,L130,71694.088
4,2020,L107,140423.555
5,2021,L133/125,140441.858
2,2021,L145/133,180696.683
9,2023,L110,237953.753
3,2022,L315,293837.98
6,2020,L740,234143.44
1,2020,L145,142824.876
8,2023,L107,208706.581
2,2020,L130,58475.9900000001
2,2021,L143/136/137,159098.355
6,2020,L315,200745.933
7,2022,L102/144,93324.9719999999
4,2021,L143/136/137,174278.352
11,2019,L101,113136.569
4,2021,L103,197014.473
4,2022,L102/144,94085.465
10,2019,L101,120908.887
11,2021,L133/125,156825.407
5,2021,L142,200340.474
7,2022,L143/136/137,167356.751
9,2021,L145/133,229369.001
8,2019,L107,214495.351
12,2022,L122,217901.544
11,2021,L103,200410.164
4,2022,L143/136/137,165346.61
6,2023,LI41,309484.79
1,2019,L101,97354.88
9,2020,L315,197440.05
1,2023,L130/146,127419.649
10,2023,L146,153629.191
10,2020,L128,78901.4290000001
10,2020,L146,131887.522
9,2021,L133/125,160275.653
12,2019,L125,65415.537
1,2021,L133,84725.784
9,2021,L130/146,154345.002
5,2023,L101,96401.6570000001
12,2021,L143/136/137,163756.212
3,2022,L133/125,159944.567
9,2019,L107,208897.049
11,2019,L130,68214.657
4,2023,L315,241992.04
4,2020,L130,35136.284
12,2021,L145/133,224241.754
2,2020,L740,225424.06
7,2021,L359,139217.471
3,2020,L130,61842.226
5,2022,L143/136/137,164655.753
8,2023,L128,117527.959
9,2020,LIGM,99775.8810000001
9,2020,L128,41074.054
7,2021,L103,173419.094
5,2020,L103,54639.2440000001
2,2022,L107,135983.043
11,2020,L128,47896.074
6,2022,L143/136/137,166530.916
12,2021,L102/144,95856.8600000002
9,2019,L145,164251.855
1,2023,L103,200220.97
5,2019,LI41,328122.49
5,2023,LI41,318660.8
10,2019,L146,180547.135
6,2020,359V,118304.236
5,2023,L102/144,101624.538
12,2020,L107,168774.906
2,2022,L130/146,110724.333
3,2021,L130/146,155243.161
10,2020,L142,237312.302
7,2022,L101,85622.351
6,2019,LI41,317434.34
11,2022,L143/136/137,171517.97
12,2022,L359,182613.009
2,2023,L107,145549.41
2,2021,L740,201966.07
9,2021,L102/144,114145.985
9,2020,L144,15856.139
10,2023,LI41,308081.43
7,2023,L146,152990.028
2,2019,LI41,267966.6
1,2021,L144,20687.137
11,2023,L128,46437.778
4,2023,L140,107394.251
8,2022,L101,99842.39
11,2022,L107,196922.315
1,2022,L128,83300.437
4,2022,L133/125,150830.956
8,2022,L143/136/137,183087.988
9,2020,L107,68842.4980000001
8,2022,L359,206435.538
9,2021,L101,84234.609
10,2021,L315,152556.1
9,2022,L101,96955.507
8,2021,L107,175339.767
5,2021,L740,245341.59
1,2020,L144,49375.628
8,2021,L130/146,139163.218
10,2020,L107,159237.612
5,2023,L107,196017.343
1,2020,L146,168659.835
5,2022,L102/144,96952.439
6,2020,L142,192262.207
11,2023,L107,85144.8249999999
8,2021,L102/144,85641.806
6,2021,L107,154980.093
9,2021,L107,179252.308
8,2021,L315,235627.45
10,2023,L102/144,103236.398
1,2022,L143/136/137,136909.826
5,2022,L126,35112.145
5,2022,L107,188080.846
7,2023,L315,233689.25
10,2020,L143,171140.897
5,2020,L740,230358.72
11,2020,L107,109228.49
2,2023,L143/136/137,135669.844
11,2023,L126,23660.431
9,2023,LIGM,86921.7949999999
2,2023,L740,216447.42
8,2022,L107,203582.593
1,2021,L107,163983.873
2,2021,L107,159045.286
3,2022,L107,193011.637
1,2021,L146,88785.8479999999
5,2021,L130/146,116792.75
9,2020,L142,101071.523
10,2020,L130,35388.496
2,2023,L146,94294.076
7,2021,L145/133,172921.993
12,2022,L107,183269.298
4,2022,L107,184658.991
12,2020,L146,129922.891
8,2020,L107,138594.381
5,2019,L145,171496.95
6,2020,L102,29391.052
6,2022,L142,292360.242
4,2023,L126,51543.441
9,2022,L102/144,102425.492
6,2023,L126,50179.072
1,2023,L143/136/137,147458.577
12,2021,L107,171049.369
9,2022,L107,203832.452
12,2022,L140,98151.294
7,2021,L107,157899.424
9,2022,L110,243794.955
9,2020,L125,17123.125
3,2020,L101,91607.661
2,2020,L144,53157.927
1,2023,L107,178214.994
8,2022,L140,113435.73
9,2020,L146,54246.832
12,2022,LI41,293283.2
10,2022,L130/146,141554.567
11,2020,L125,24173.223
7,2021,L143/136/137,141251.445
12,2022,L143/136/137,155806.549
7,2022,L740,264115.84
7,2022,L128,102969.826
1,2023,L145/133,198375.655
6,2023,L143/136/137,159643.342
6,2019,L125,68888.998
1,2022,L107,143083.807
10,2022,L102/144,90445.305
3,2022,L145/133,240666.127
10,2022,L110,213515.488
12,2021,L101,73427.555
5,2021,L107,132365.464
7,2020,359V,17705.087
9,2022,L143/136/137,171431.202
1,2021,L102/144,18095.014
6,2021,L128,74546.008
10,2022,L143/136/137,152916.801
9,2021,L143/136/137,156197.126
9,2021,L103,199493.315
7,2021,L142,240948.241
5,2022,L740,277152.97
7,2022,L107,184733.054
1,2021,L145/133,44113.836
5,2022,L122,104453.855
6,2022,L107,187651.631
8,2020,L130,35394.937
12,2021,L103,194837.58
7,2023,L140,107775.102
5,2021,L102/144,76077.4279999999
4,2022,L101,82433.2090000001
1,2019,L144,47576.221
11,2019,L125,71348.7360000001
4,2021,L107,175039.965
1,2022,L101,53764.995
2,2019,L125,61397.955
6,2021,L130/146,124917.926
10,2022,L101,86364.5740000001
12,2022,L130/146,136412.322
2,2023,L122,183089.835
3,2021,L107,189493.761
6,2021,L102/144,68874.021
4,2023,LI41,308042.2
3,2020,L125,62123.3150000001
12,2019,L144,55990.316
9,2020,L740,242476.56
9,2023,L122,241879.889
7,2019,L125,72760.6869999999
12,2019,L101,100226.619
8,2019,L144,69572.959
5,2023,L143/136/137,185545.229
5,2023,L126,58172.553
6,2023,L102/144,91574.741
9,2022,LIGM,123223.716
5,2022,L138,71555.162
4,2019,L125,71450.174
2,2022,L101,51458.287
2,2022,L145/133,167719.422
1,2023,L101,79600.136
11,2023,L102/144,45948.053
7,2020,L146,13255.035
12,2020,L125,42836.342
11,2022,L130/146,156569.682
8,2021,L145/133,216975.388
7,2023,L103,218774.642
2,2019,L144,51362.199
1,2021,L315,198789.55
12,2021,L130/146,140599.886
6,2023,L740,262394.74
8,2022,L145/133,237163.28
8,2021,L740,249502.96
9,2023,L146,152913.542
12,2022,L101,84230.554
5,2023,L128,112692.832
9,2022,L130/146,157716.906
9,2023,L138,96395.144
4,2020,L133,117804.323
1,2022,L102/144,66948.457
11,2023,L101,40957.78
3,2022,L103,205847.083
10,2022,L145/133,203942.468
12,2022,L102/144,87644.0210000001
4,2020,L740,172364.34
2,2022,L103,153060.296
9,2021,L740,255896.66
3,2021,L740,253632.36
6,2021,L142,234690.443
9,2022,L103,205399.017
4,2022,L103,192255.03
5,2022,L103,193764.088
6,2021,L103,167925.778
5,2020,LIGM,1489.829
8,2020,L125,37972.995
7,2022,L103,198379.27
5,2019,L144,65982.992
6,2023,L140,99705.997
5,2019,L125,70865.2989999999
8,2020,L145,98959.688
6,2021,L740,230320.74
2,2019,L740,247799.024
1,2021,L125,27826.923
2,2023,L138,77224.314
4,2021,L130/146,151637.831
2,2020,L101,82660.6449999999
9,2023,L126,54768.702
1,2022,L145/133,183993.353
9,2022,L145/133,234007.683
12,2021,L740,278722.42
9,2023,L140,110800.349
2,2023,L130,40845.969
12,2022,L138,85126.7700000001
8,2022,L740,277471.21
6,2022,L740,278279.56
2,2023,L101,70233.379
6,2022,L102/144,96057.992
6,2022,L101,91820.611
11,2022,L140,109847.405
7,2022,LIGM,96938.605
3,2019,L740,303388.076000001
2,2023,L102/144,74793.269
10,2022,L740,282168.49
11,2022,L126,52813.107
8,2021,L101,72757.171
6,2019,L144,64720.424
9,2019,L130,73210.5449999999
1,2022,L103,157201.547
8,2022,L122,243530.74
2,2021,L130/146,134934.964
9,2022,L740,276602.320000001
4,2020,L125,32172.438
11,2019,L145,158738.289
5,2022,L140,89129.261
11,2023,L122,105774.885
11,2020,L146,85627.953
5,2021,L103,145665.131
11,2022,L740,280848.73
7,2023,L128,111731.792
7,2019,L740,323749.498
4,2019,L144,65909.114
10,2019,L144,70090.103
4,2020,LIGM,3545.374
9,2023,L130,66534.8870000001
9,2019,L740,304293.079
3,2019,L144,66208.89
3,2023,L740,268927.59
10,2021,L740,259619.060000001
6,2020,L125,33315.665
10,2022,L122,206422.084
3,2023,LI41,327071.12
8,2022,L102/144,99965.751
9,2022,L122,234435.464
3,2022,L130/146,159954.077
3,2020,L144,57497.1
8,2019,L125,73862.2139999999
11,2023,LI41,137566.37
7,2022,L130/146,145203.495
9,2019,L144,69962.959
7,2019,L144,61471.207
11,2022,L101,98432.615
7,2020,L130,4955.086
5,2023,L740,270925.98
3,2022,L740,280687.72
7,2021,L128,73153.261
2,2023,L126,37125.671
2,2022,L128,75258.539
1,2023,L140,91979.1459999999
3,2022,L128,109718.32
6,2021,L143/136/137,147534.794
5,2020,N339,6175.63100000001
10,2020,L144,30410.419
1,2021,L143/136/137,40787.849
2,2023,L140,80911.7380000001
7,2023,L130,64106.233
1,2022,L130/146,121654.078
11,2023,L130,28493.13
10,2022,L140,98696.929
10,2023,L138,96821.39
7,2023,L102/144,98642.2110000001
3,2022,L101,90962.8209999999
5,2020,359V,42214.124
6,2022,L130/146,148474.111
6,2023,L138,89993.869
9,2019,L125,71642.7979999999
12,2020,L128,86850.057
11,2022,L122,230566.561
6,2021,L101,52408.807
12,2022,L740,256711.85
10,2023,L101,91113.0730000001
5,2021,L101,58105.124
2,2020,L125,54984.725
8,2023,L130,69575.715
7,2020,L133,14847.041
6,2020,L101,45835.445
9,2023,L740,267730.08
5,2022,L101,86231.9630000002
1,2023,L122,207561.2
1,2021,L101,53444.151
8,2022,L130/146,158121.317
1,2020,L101,94807.505
3,2022,L102/144,101230.777
7,2021,L101,53753.914
5,2022,L130/146,147941.47
11,2021,L128,106628.261
6,2021,L145/133,181712.988
7,2023,L126,54383.623
8,2022,L126,56591.8500000001
10,2020,L125,33231.8
4,2021,L101,81005.918
4,2020,L144,30832
7,2020,L110,19180.597
9,2020,L101,28202.737
7,2022,L138,89359.8080000001
10,2019,L125,74976.3420000001
4,2022,L130/146,148583.133
6,2022,L122,218796.043
8,2022,L128,108605.298
6,2020,L144,27835.128
1,2023,L128,90261.895
8,2023,L140,114610.821
7,2020,L101,6482.359
6,2020,L130,35199.745
9,2021,L128,103609.011
9,2022,L128,107591.232
5,2020,L101,20201.542
2,2023,L130/146,19533.499
11,2022,L128,104645.625
12,2022,L128,92820.969
12,2021,L128,101991.162
5,2020,L128,30660.893
1,2020,L125,60834.794
6,2022,L140,101122.082
7,2022,L140,101799.628
9,2022,L140,107955.015
1,2023,L138,86259.391
8,2021,L128,97955.172
8,2022,L138,99275.9979999999
5,2022,L128,99017.46
10,2022,L128,98342.0780000001
12,2020,L130,41919.352
2,2023,L128,81565.0089999999
5,2020,L125,10978.602
12,2022,L126,43798.006
7,2020,L145,14684.741
9,2023,L128,115600.146
5,2020,L144,11741.101
8,2020,L144,29039.861
1,2021,L130/146,34293.092
7,2020,L129,7840.71
9,2020,L130,18224.496
6,2022,L138,89603.773
11,2023,L740,104350.06
7,2020,L128,11956.076
4,2023,L740,254535.93
10,2022,L138,85885.622
7,2020,L125,5188.636
7,2022,L126,51362.693
9,2022,L138,96987.118
1,2019,L740,271315.538
10,2023,L740,267577.95
5,2020,L130,12817.747
1,2021,L130,25254.797
10,2022,L126,49158.31
10,2023,L130,64631.762
9,2022,L126,54343.337
7,2020,L102,5318.595
6,2022,L128,104016.479
4,2022,L128,98580.344
6,2022,L126,50566.826
8,2023,L126,60248.7360000001
6,2023,L130,58481.058
4,2023,L130,61208.085
7,2020,L144,3512.951
4,2021,L146,250.02
3,2021,L146,522.721
4,2022,L140,148.455
2,2021,L146,382.851
2,2021,L129,59.77
2,2021,L145,22.918
2,2021,L144,11.038
