Mes,Year,Linea,LTS
2,2023,L440,254501.36
1,2019,L125,31935.29
7,2019,L146,66626.14
6,2019,L146,66032.7200000001
6,2019,L107,128055.47
6,2019,L102,67490.27
5,2019,L107,130221.57
4,2019,L107,126260.67
7,2019,L107,124609.89
5,2019,L103,96287.8300000001
1,2019,L129,33120.65
4,2019,L102,64162.61
3,2019,L102,57132.3700000001
3,2019,L107,121882.88
3,2019,L146,62301.19
3,2019,L125,31789.89
5,2019,L146,68704.01
4,2019,L146,65240.6899999999
2,2019,L146,46128.7
1,2019,L146,54444.5
1,2019,L144,19080.46
5,2019,L102,71302.06
2,2019,L101,41117.6
1,2019,L107,96216.64
1,2019,L101,35480.93
2,2019,L107,92951.75
4,2019,L142,150167.8
2,2019,L102,41508.73
7,2019,L102,57702.8199999999
7,2020,L440,235571.739999999
6,2020,L440,236027.61
7,2019,203M,441096.12
6,2019,203M,358072
5,2019,203M,387372.02
4,2019,203M,374443.620000001
3,2019,203M,371101.94
6,2023,L107,85538.69
5,2023,L107,95123.98
5,2023,L145/133,108011.41
5,2023,L146,66861.9200000001
5,2023,L128,54194.28
4,2023,L102/144,46946.6200000001
4,2023,L143/136/137,80982.63
4,2023,L122,105313.27
4,2023,L130,28647.4
4,2023,L107,93902.09
3,2023,L143/136/137,91126.01
3,2023,L142,157957.12
3,2023,L146,71468.1000000001
3,2023,L140,56579.32
2,2023,L143/136/137,70341.33
2,2023,L101,34979.74
2,2023,L102/144,38647.99
2,2023,L133/125,57104.31
1,2023,L133/125,65078.64
1,2023,L107,94140.61
1,2023,L102/144,46491.56
12,2022,L102/144,47148.1
11,2022,L107,100513.97
11,2022,L133/125,76133.46
10,2022,L133/125,65921.6400000001
9,2022,L133/125,74889.27
9,2022,L103,103934.59
8,2022,L133/125,75535.9400000001
8,2022,L110,117206.3
7,2022,L133/125,71194.76
6,2022,L133/125,71197.91
6,2022,L130/146,71521.1
6,2022,L103,98341.68
5,2022,L103,95554.2899999999
5,2022,L133/125,67646.96
5,2022,L143/136/137,79232.5
4,2022,L145/133,101862.76
4,2022,L133/125,66712.14
4,2022,L102/144,44845.47
3,2022,L133/125,71237.4
3,2022,L128,54849.4
3,2022,L145/133,114706.66
3,2022,L143/136/137,89179.55
2,2022,L143/136/137,63265.5000000001
2,2022,L133/125,50394.96
1,2022,L143/136/137,68315.14
12,2021,L143/136/137,83761.1299999999
12,2021,L133/125,70778.7299999999
11,2021,L133/125,69221.21
11,2021,L102/144,50879.2
10,2021,L133/125,69428.92
10,2021,L103,97760.1900000002
10,2021,L143/136/137,78370.3599999999
10,2021,L130/146,69059.13
9,2021,L130/146,71662.81
9,2021,L103,94406.8299999998
9,2021,L133/125,68800.38
9,2021,L143/136/137,75533.4
8,2021,L143/136/137,76540.5299999999
8,2021,L130/146,64999.3799999999
8,2021,L102/144,40768.32
7,2021,L102/144,35898.95
7,2021,L133/125,62603.3500000001
7,2021,L143/136/137,70897
6,2021,L143/136/137,71360.54
6,2021,L145/133,86517.83
6,2021,L102/144,32200.87
5,2021,L143/136/137,58166.54
4,2021,L143/136/137,78589.93
4,2021,L102/144,45709.71
3,2021,L102/144,50690.11
3,2021,L133/125,80933.1400000001
3,2021,L130/146,74763.57
2,2021,L133/125,75607.2500000001
1,2021,L133/125,18821.31
1,2021,L143,63235.8400000001
1,2021,L103,83705.04
1,2021,L101,22947.25
12,2020,L101,24866.82
12,2020,L144,12228.09
12,2020,L129,25249.98
12,2020,L145,51063.28
12,2020,L125,19153.37
11,2020,L125,9823.24
11,2020,L143,44806.06
11,2020,L144,7403.18
11,2020,L128,20117.77
10,2020,L128,32029.15
10,2020,L130,14253.37
9,2020,L130,7256.68
9,2020,L125,6488.29
8,2020,L125,15313.76
8,2020,L144,11247.99
7,2020,L144,1337.61
6,2020,L144,11246.47
6,2020,L143,53364.55
4,2020,L143,52345.98
3,2020,L144,26531.87
9,2019,L144,33896.53
8,2019,L144,33097.78
7,2019,L144,30761.55
7,2019,L130,38132.8
6,2019,L144,30781.03
5,2019,L144,33943.11
4,2019,L144,31652.1
4,2019,L130,36808.55
3,2019,L144,32031.65
2,2019,L144,22331.46
2,2019,L125,27813.08
6,2023,L142,136480.41
6,2023,L130,27725.01
5,2023,L130,29746.03
3,2023,L130,32350.67
3,2023,L126,24591.27
3,2023,L145/133,106357.14
2,2023,L107,77990.38
2,2023,L146,45203.35
1,2023,L130/146,64539
12,2022,L130/146,71072.74
12,2022,L142,147838.6
12,2022,L103,107562.75
11,2022,L145/133,112467.89
11,2022,L143/136/137,85683.5
11,2022,L110,121093.45
11,2022,L102/144,51683.57
11,2022,L128,53015.97
10,2022,L143/136/137,73814.9600000001
10,2022,L145/133,96762.49
10,2022,L122,98839.4900000002
10,2022,L107,87551.84
9,2022,L107,101060.41
9,2022,L143/136/137,82740.7000000001
9,2022,L142,146401.83
9,2022,L145/133,111501.37
8,2022,L122,109611.8
8,2022,L102/144,48935.97
8,2022,L126,24940.95
8,2022,L128,52043.45
8,2022,L145/133,110609.76
7,2022,L145/133,104363.76
7,2022,L128,50190.78
6,2022,L145/133,105364.36
5,2022,L145/133,103199.39
4,2022,L101,38530.56
4,2022,L130/146,69843.78
3,2022,L130/146,76207.85
2,2022,L102/144,32270.15
12,2021,L102/144,50395.65
11,2021,L145/133,106558.28
11,2021,L143/136/137,79709.4599999999
9,2021,L102/144,52417.03
8,2021,L103,91841.0999999999
7,2021,L130/146,60448
5,2021,L145/133,66567.6499999999
4,2021,L128,50966.68
4,2021,L130/146,68670.71
3,2021,L143/136/137,86438.6899999999
3,2021,L103,98106.93
2,2021,L130/146,63772.74
2,2021,L102/144,33021.64
2,2021,L125,14.57
10,2020,L125,14036.1
7,2020,L125,1664.38
6,2020,L125,13799.13
5,2020,L125,3944.3
3,2020,L125,28342.67
2,2020,L125,28794.53
1,2020,L125,32250.16
12,2019,L125,34697.67
11,2019,L125,35797.61
10,2019,L125,35396.97
9,2019,L125,34156.63
8,2019,L125,35652.5
8,2019,L130,41443.04
7,2019,L125,34431.7
6,2019,L125,33338.79
5,2019,L125,33648.34
5,2019,L130,38373.68
4,2019,L125,32844.11
3,2019,L129,41310.52
6,2023,L143/136/137,74831.74
5,2023,L143/136/137,87038.5600000001
5,2023,L142,151904.07
5,2023,L126,25829.24
4,2023,L126,23047.94
4,2023,L145/133,100978.94
4,2023,L140,49807.67
3,2023,L102/144,54805.19
3,2023,L122,114896.64
3,2023,L101,129204.54
3,2023,L128,54692.82
3,2023,L110,116111.03
1,2023,L110,100540.06
1,2023,L143/136/137,77655.94
12,2022,L143/136/137,81173.34
11,2022,L142,156455.12
11,2022,L103,113184.9
10,2022,L140,46892.12
10,2022,L138,40033.97
10,2022,L110,102304.06
10,2022,L101,40323.52
9,2022,L101,45524.9
9,2022,L140,50914.6
9,2022,L130/146,74056.5299999999
9,2022,L110,118379.16
9,2022,L102/144,50020.38
8,2022,L142,147622.58
8,2022,L107,101711.4
8,2022,L130/146,75126.56
8,2022,L140,52442.5
7,2022,L142,136379.08
7,2022,L110,108846.9
6,2022,L110,107396.83
5,2022,L102/144,46732.46
3,2022,L107,91075.39
2,2022,L107,68773.16
1,2022,L102/144,34138.1
12,2021,L128,52860.39
12,2021,L110,107197.13
11,2021,L142,136047.79
10,2021,L142,130421.66
10,2021,L102/144,52386.04
9,2021,L145/133,101715.99
9,2021,L128,48788.34
8,2021,L133/125,66471.14
8,2021,L128,46470.57
6,2021,L130/146,59475.4
6,2021,L133/125,62279.76
5,2021,L133/125,56264.41
4,2021,L133/125,75501.61
1,2021,L143/136/137,19164.09
1,2021,L129,18347.56
12,2020,L103,83802.8700000001
10,2020,L129,20052.58
9,2020,L129,10065.65
8,2020,L129,18891.22
1,2020,L143,102290.75
12,2019,L145,72468.82
12,2019,L129,41041.04
12,2019,L144,27545.38
12,2019,L130,34769.68
11,2019,L128,73050.33
11,2019,L144,33147.99
10,2019,L144,33361.78
9,2019,L130,36358.92
7,2019,L129,41296.99
3,2019,L143,104335.65
1,2019,LI41,159332.66
7,2023,L130,29410.11
5,2023,L103,101079.34
4,2023,L101,44198.43
12,2022,L145/133,103650.25
11,2022,L130/146,78716.7600000001
10,2022,L142,135649.67
10,2022,L130/146,68171.8
7,2022,L130/146,68303.37
6,2022,L142,135426.86
6,2022,L143/136/137,81999.8300000001
5,2022,L128,49949.37
5,2022,L107,89670.9
5,2022,L130/146,69100.29
4,2022,L143/136/137,80833.33
3,2022,L102/144,50519.41
1,2022,L145/133,87229.03
12,2021,L145/133,109904.62
10,2021,L145/133,105405.88
6,2021,L103,80657.27
6,2021,L128,39390.8
5,2021,L128,35241.04
2,2021,L103,79945.23
2,2021,L143/136/137,75101.37
2,2021,L110,78465.65
1,2021,L110,79103.73
1,2021,L130/146,15030.2
1,2021,L145,39692.26
6,2020,L130,15249.64
3,2020,L130,29516.66
2,2020,L130,30854.16
11,2019,L130,38387.09
11,2019,L143,108903.75
10,2019,L130,37873.36
6,2019,L130,35773.65
1,2021,L146,33952.68
12,2020,L146,44741.32
12,2020,L142,107781.43
11,2020,L146,27645.21
11,2020,L107,38226.19
10,2020,L146,47784.78
9,2020,L146,20301.53
8,2020,L146,37386.89
8,2020,L142,79762.8
7,2020,L142,8611.19
6,2020,L142,76436.2500000001
6,2020,L107,54440.48
6,2020,L146,37339.8400000001
5,2020,L146,12993.01
4,2020,L146,42262.31
3,2020,L146,60717.75
2,2020,L146,67032.5
2,2020,L107,90190.2499999999
1,2020,L146,69065.3199999999
1,2020,L142,149165.11
12,2019,L146,66406.3299999999
12,2019,L102,41768.61
11,2019,L102,45424.53
10,2019,L102,43806.91
9,2019,L102,43321.26
8,2019,L102,45786.42
7,2023,L107,93764.7500000002
6,2023,L103,95119.3
6,2023,L101,41308.85
6,2023,L146,61361.4400000001
5,2023,L101,45094.72
5,2023,L102/144,48364.7
5,2023,L140,50078.14
4,2023,L146,64424.54
4,2023,L142,142077.05
3,2023,L107,100926.85
3,2023,L138,50677.28
11,2022,L140,53478.5
11,2022,L138,47199.6
11,2022,L101,48831.25
11,2022,L126,26295.06
9,2022,L126,25880.43
8,2022,L143/136/137,87847.4699999999
8,2022,L103,102508.24
8,2022,L138,44658.49
6,2022,L128,51848.6
6,2022,L140,50232.02
6,2022,L102/144,47179.81
4,2022,L142,124060.63
2,2022,L130/146,55724.85
12,2021,L130/146,71771.5900000001
11,2021,L130/146,70566.9400000001
9,2021,L101,37572.19
8,2021,L145/133,98426.4899999999
7,2021,L128,41998.19
7,2021,L145/133,90552.3300000001
6,2021,L101,24771.61
1,2021,L130,13821.73
12,2020,L130,18490.29
12,2020,L128,38412.51
11,2020,L130,9346.93999999999
11,2020,L103,49019.41
10,2020,L103,72299.01
8,2020,L130,15588.67
7,2020,L130,1879.9
2,2020,L144,26513.03
11,2023,L143/136/137,36960.41
10,2023,L143/136/137,86138.7399999999
10,2023,L145/133,108265.15
10,2023,L146,67892.81
9,2023,L146,67180.26
9,2023,L143/136/137,87601.6400000001
9,2023,L126,23951.24
9,2023,L145/133,108102.78
8,2023,L145/133,113727.18
8,2023,L107,100347.37
8,2023,L142,153107.66
8,2023,L146,70208.6400000001
8,2023,L126,26451.12
8,2023,L122,112394.03
7,2023,L126,23874.97
7,2023,L122,106894.98
7,2023,L138,42572
7,2023,L140,48152.82
7,2023,L145/133,105146.04
6,2023,L145/133,95602.01
6,2023,L126,21603.54
5,2023,L122,108500.07
5,2023,L138,46629.26
4,2023,L128,50335.57
12,2022,L140,49792.59
12,2022,L138,42270.49
11,2022,L122,113667.47
10,2022,L102/144,44709.91
10,2022,L103,96828.36
9,2022,L128,52958.58
8,2022,L101,46131.7200000001
7,2022,L143/136/137,81458.01
7,2022,L102/144,45331.47
7,2022,L138,41585.72
4,2022,L103,95588.4300000001
3,2022,L103,103616.72
10,2021,L128,51598.2800000001
3,2021,L145/133,99447.3300000001
1,2021,L144,9907.92
10,2020,L145,41385.48
10,2020,L144,12031.83
9,2020,L144,5806.39
3,2020,L128,56621.22
2,2019,203M,294000.62
1,2019,203M,321590.07
9,2023,L103,101880.74
3,2023,L103,113679.92
2,2023,L142,124729.96
2,2023,L103,89080.73
2,2023,L130/146,10007.97
12,2022,L128,50082.96
12,2022,L107,100311.67
4,2022,L107,88438.6900000001
12,2021,L103,104810.37
11,2021,L103,103726.79
7,2021,L103,88832.7200000001
5,2021,L102/144,32444.95
5,2021,L130/146,51770.92
1,2021,L102/144,8304.69
5,2020,L144,3859.46
1,2020,L144,23588.87
7,2019,L128,60677.65
1,2019,L130,34686.93
9,2022,L122,109155.34
7,2022,L122,102129.84
7,2022,L107,91098.9300000001
5,2022,L138,32335.09
12,2021,L142,140905.76
12,2020,L143,77096.2200000001
3,2020,L129,32903.33
1,2020,L101,46378.89
7,2019,L143,97551.0199999999
10,2023,L122,114359.27
9,2023,L142,155984.74
8,2023,L130,32326.19
8,2023,L140,51117.96
8,2023,L102/144,51253.23
7,2023,L102/144,46595.19
2,2023,L130,22049.22
2,2023,L126,17772.8
10,2022,L128,47862.79
6,2022,L138,42386.37
3,2022,L110,110739.77
4,2021,L101,34156.55
3,2021,L101,34595.01
9,2020,L145,17284.08
8,2020,L145,36110.9000000001
1,2020,L129,39645.79
12,2019,L143,107168.77
12,2019,L110,104212.48
10,2019,L143,106519.06
11,2023,L146,29557.76
11,2023,L102/144,22330.01
11,2023,L145/133,48444.68
11,2023,L140,21665.58
10,2023,L140,48946.1
10,2023,L130,30983.49
10,2023,L107,99762.1000000001
10,2023,L128,54135.96
2,2023,L110,88966.3
1,2023,L142,136696.5
1,2023,L101,39273.12
12,2022,L101,43529.38
12,2022,L110,109660.55
5,2022,L110,101755.46
4,2022,L110,99923.5500000001
3,2022,L101,42569.01
2,2022,L110,81598.2
12,2021,L101,37013.51
11,2021,L110,108836.3
11,2021,L101,38604.73
10,2021,L101,36295.53
4,2021,L110,86813.3400000001
12,2020,L110,78671.74
11,2020,L110,44730.24
6,2020,L110,51275.56
5,2020,L110,15347.57
5,2020,L101,6942.36
4,2020,L101,19803.24
3,2020,L101,40808.46
3,2020,L110,86135.9100000002
3,2020,L143,88098.81
2,2020,L101,40906.18
12,2019,L101,49915.2100000001
11,2019,L101,57166.6399999999
10,2019,L101,57714.5500000001
9,2019,L101,58473.7400000001
9,2019,L129,41545.28
8,2019,L129,44059.06
8,2019,L133,87711.64
8,2019,L101,61978.71
8,2019,L110,121152.59
7,2019,L110,115572.18
7,2019,L101,56081.2300000001
2,2019,L142,119716.42
1,2019,L102,45903.49
1,2019,L142,133580.28
6,2021,L107,68550.0400000001
5,2021,L107,57689.12
4,2021,L107,81207.0199999999
4,2021,L145/133,94254.9
3,2021,L107,86279.5899999999
2,2021,L107,70288.27
1,2021,L107,67953.1000000001
12,2020,L107,66244.07
10,2020,L107,57628.89
9,2020,L107,24560.02
8,2020,L107,51285.5300000001
7,2020,L107,7552.98
5,2020,L107,16460.21
4,2020,L107,50494.06
3,2020,L107,77830.9
1,2020,L107,92102.5800000001
12,2019,L107,96448.64
11,2019,L107,99164.4199999998
11,2019,L146,68745.7899999999
10,2019,L107,99523.56
10,2019,L142,159344.6
9,2019,L107,100666.54
9,2019,L142,152817.07
8,2019,L142,156427.08
8,2019,L146,72105.2400000001
8,2019,L107,105204.67
7,2019,L142,150840.75
1,2019,L103,98347.33
10,2023,L142,154413.62
9,2023,L122,111600.34
8,2023,L143/136/137,88781.7199999999
7,2023,L142,143394.22
7,2023,L143/136/137,83669.93
6,2023,L102/144,44336.84
6,2023,L128,47543.36
3,2023,L133/125,77346.93
2,2023,L140,40827.8199999999
2,2023,L138,40712.85
12,2022,L133/125,69854.8899999999
5,2022,L142,131015.84
1,2022,L133/125,54524.31
1,2022,L107,67915.19
1,2022,L142,112111.02
1,2022,L130/146,59021.12
1,2022,L110,89453.02
10,2021,L110,100102.33
9,2021,L110,103424.09
8,2021,L110,95096.2000000001
5,2021,L103,63494.99
4,2021,L103,90583.05
1,2021,L133,37768.31
11,2020,L129,13519.18
10,2020,L110,68975.1
10,2020,L143,65654.47
9,2020,L110,25524.17
8,2020,L110,58241.09
7,2020,L110,6967.92
2,2020,L110,88467.17
1,2020,L110,99860.81
11,2019,L133,92254.17
11,2019,L103,102493.65
11,2019,L129,41568.72
11,2019,L110,109763.47
10,2019,L110,116076.87
10,2019,L133,91496.7400000001
8,2019,L143,108091.78
6,2019,L143,99303.14
6,2019,L101,54787.11
5,2019,L101,57587.06
4,2019,L101,58066.0499999999
3,2019,L101,55393.42
11,2023,L128,23392.67
11,2023,L142,69657.9400000001
10,2023,L110,112368.8
9,2023,L107,98783.8000000001
7,2023,L146,67523.17
4,2023,L103,103756.79
2,2022,L142,107339.51
2,2021,L145/133,82277.3799999999
1,2021,L145/133,18603.03
8,2020,L128,35474.03
7,2020,L128,3058.73
1,2020,L130,34615.72
9,2019,L143,98783.4900000001
3,2019,L130,36387.84
3,2019,L103,91812.6700000001
11,2023,L138,18762.22
10,2023,L102/144,49536.12
9,2023,L128,53194.12
8,2023,L103,103770.16
7,2023,L110,108795.98
4,2023,L138,45303.57
1,2023,L140,47942.55
1,2023,L145/133,99755.53
7,2022,L103,96600.26
5,2022,L101,40149.66
8,2021,L101,32500.55
6,2021,L110,76377.9299999999
5,2021,L110,60112.05
3,2021,L110,95984.69
10,2020,L102,14807.27
7,2020,L102,825.36
4,2020,L102,14290.44
4,2020,L110,46550.44
12,2019,L133,90712.6899999998
10,2019,L103,105818.52
9,2019,L110,114946.61
6,2019,L110,110217.5
5,2019,L110,115916.12
5,2019,L129,40083.59
4,2019,L129,39389.69
4,2019,L110,114606.59
10,2023,L103,102031.72
10,2023,L138,44569.09
9,2023,L138,43722.61
9,2023,L130,30973.18
9,2023,L102/144,48887.91
8,2023,L128,54647.26
7,2023,L133/125,68341.01
7,2023,L101,42217.88
2,2023,L145/133,87178.6599999999
1,2023,L128,47222.61
6,2022,L122,99727.3900000001
2,2022,L128,37291.49
1,2021,L128,37836
12,2020,L133,54386.65
2,2019,L129,30740.52
3,2020,L142,127149.37
2,2020,L142,134976.28
12,2019,L142,158510.28
11,2019,L142,159872.8
9,2019,L146,68042.7300000001
6,2019,L142,152229.84
5,2019,L142,149600.29
3,2019,L142,154344.16
1,2019,L143,93269.47
11,2023,L122,51387.77
2,2023,L128,41851.18
1,2023,L103,104022.11
11,2021,L128,52610.29
3,2021,L130,178.22
6,2020,L101,17593.11
6,2020,L103,52450.28
1,2019,L145,70297.97
12,2022,L122,110890.88
10,2022,L126,23387.53
7,2022,L140,47499.11
2,2021,L128,39496.94
10,2019,L129,42701.06
6,2019,L129,41381.51
5,2020,L142,28850.31
4,2020,L142,85966.31
11,2023,L339,32032.46
10,2023,L339,105722.84
9,2023,L339,100454.37
8,2023,L339,101651.57
7,2023,L339,97131.6799999999
6,2023,L339,84944.88
5,2023,L339,98626.34
4,2023,L339,95500.67
3,2023,L339,107543.78
2,2023,L339,84527.12
1,2023,L339,98544.57
12,2022,L339,101092
11,2022,L339,105945.71
10,2022,L339,102428.01
9,2022,L339,109460.94
8,2022,L339,114606.03
7,2022,L339,103657.54
6,2022,L339,106780.69
5,2022,L339,105366.27
4,2022,L339,103267.67
3,2022,L339,113763.46
2,2022,L339,81249.8100000001
1,2022,L339,87674.79
12,2021,L339,99989.88
11,2021,L339,98087
10,2021,L339,89685.78
9,2021,L339,89852.89
8,2021,L339,80001.25
7,2021,L339,67548.1399999999
6,2021,L339,59492.86
5,2021,L339,58657.4200000001
4,2021,L339,85709.2199999999
3,2021,L339,85121.6
2,2021,L339,62787.75
1,2021,L339,70107.7299999999
12,2020,L339,54911.85
11,2020,L339,15802.23
4,2020,L339,23093.35
3,2020,L339,103856.16
2,2020,L339,115356.58
1,2020,L339,125809.68
12,2019,L339,129659.95
11,2019,L339,122854.89
10,2019,L339,133227.76
9,2019,L339,124787.47
8,2019,L339,129513.69
7,2019,L339,123977.94
6,2019,L339,120418.84
5,2019,L339,127440.69
4,2019,L339,128641.25
3,2019,L339,136915.23
2,2019,L339,102427.2
1,2019,L339,108127.91
8,2023,L133/125,71271.62
4,2022,L128,49172.65
2,2022,L145/133,80736.85
9,2021,L142,133998.07
12,2022,L359,88537.42
11,2022,L359,92769.32
11,2022,359V,22170.12
11,2022,LEXP,190719.92
10,2022,L359,76566.5200000001
10,2022,359V,27200.94
9,2022,L359,83891.43
9,2022,359V,23198.33
8,2022,L359,88568.7900000001
8,2022,359V,20590.8
7,2022,L359,86227.67
7,2022,359V,32747.49
6,2022,L359,83368.57
6,2022,359V,34265.64
5,2022,359V,30550.58
5,2022,L359,80557.76
4,2022,L359,85035.67
4,2022,359V,25326.01
3,2022,L359,91093.56
3,2022,359V,25966.83
2,2022,L359,69059.65
2,2022,359V,22874.33
2,2022,LEXP,142399.64
1,2022,L359,72438.5899999999
1,2022,359V,31670.62
12,2021,L359,81415.02
12,2021,LEXP,168106.67
12,2021,359V,37022.33
11,2021,L359,81160.92
11,2021,359V,27396.39
10,2021,L359,72921.79
10,2021,LEXP,137204.77
10,2021,359V,32304.69
9,2021,359V,30419.51
9,2021,LEXP,140924.81
8,2021,LEXP,124406.53
8,2021,359V,33656.35
8,2021,L359,69884.49
7,2021,LEXP,106244.99
7,2021,359V,39462.41
6,2021,LEXP,84641.69
6,2021,359V,44604.42
5,2021,LEXP,96420.06
5,2021,359V,13047.53
5,2021,LMAV,34606.94
4,2021,LMAV,46620.68
4,2021,LEXP,133334.7
3,2021,LEXP,140965.36
3,2021,359V,34088.58
2,2021,LEXP,100282.85
2,2021,359V,41428.07
5,2020,LEXP,29656.52
3,2020,LEXP,156865.33
2,2020,LEXP,171948.11
1,2020,LEXP,189645.56
12,2019,LEXP,207411.32
12,2019,359V,125874.63
11,2019,LEXP,209778.29
11,2019,L359,110898.23
10,2019,LEXP,208685.96
9,2019,LEXP,201611.19
8,2019,LEXP,212125.17
7,2019,LEXP,200832.56
6,2019,LEXP,183265.67
5,2019,LEXP,182940.95
5,2019,L359,124693.1
5,2019,N339,94033.7300000002
4,2019,LEXP,193834.07
3,2019,LEXP,180278.55
2,2019,LEXP,168074.95
1,2019,LEXP,194406.6
12,2021,L107,81258.07
10,2021,L107,79953.75
9,2021,L107,80371.42
8,2021,L142,128768.54
7,2021,L142,117478.65
6,2021,L142,108381.63
5,2021,L142,84712.6299999999
4,2021,L142,117684.65
3,2021,L142,123161.79
2,2021,L142,96027.53
1,2021,L142,105462.19
11,2020,L142,61655.07
10,2020,L142,92003.56
9,2020,L142,38933.16
2,2019,L103,85812.64
9,2023,L110,111789.85
4,2023,L133/125,67086.93
4,2023,L110,103280.79
1,2023,L138,43697.8
6,2022,L107,89614.15
1,2022,L101,25236.9
7,2021,L101,27332.82
5,2021,L101,24544.03
2,2020,L129,36282.64
4,2019,L103,95349.27
11,2021,L107,81764.1
8,2021,L107,79847.35
7,2021,L107,74992.5099999999
12,2022,L126,22716.33
3,2021,L128,52926.3600000001
1,2021,L125,13191.15
9,2019,L128,58151.32
11,2023,L130,13932.68
11,2023,L103,44909.65
10,2023,L126,23624.31
9,2020,L143,27371.78
8,2020,L143,58115.07
7,2020,L146,3445.56
10,2019,L146,70367.4099999999
3,2019,L145,77034.54
2,2019,L145,59572.8800000001
1,2020,L102,39849.87
6,2023,L138,41710.61
6,2023,L140,45412.2
9,2022,L138,43910.3
1,2022,L128,39908.68
12,2019,L128,65064.26
7,2019,L145,80018.5199999999
6,2019,L128,62594.24
5,2019,L128,65322.12
5,2019,L145,83234.08
7,2023,L103,94313.1800000001
6,2022,L126,23386.9
6,2020,L129,18889.28
5,2020,L129,7362.75
12,2019,L103,101598.9
2,2019,L130,23556.35
11,2023,L107,41686.54
9,2023,L140,49184.1999999999
6,2023,L122,99748.8
7,2022,L101,39105.87
6,2022,L101,41865.29
3,2022,L142,138006.86
1,2021,L102,13041.6
12,2020,L102,16399.97
2,2020,L143,95003.4100000001
8,2019,L103,105287.6
8,2019,L128,64614.95
3,2020,L145,59824.82
4,2021,L359,94781.28
3,2021,L359,99992.41
2,2021,L359,78204.41
11,2020,359V,16913.36
11,2020,L359,27247.66
10,2020,L359,59517.34
9,2020,L359,28455.57
8,2020,L359,52819.19
7,2020,L359,6164.88
6,2020,L359,52983.28
6,2020,359V,46756.97
5,2020,L359,18540.78
4,2020,L359,55046.31
3,2020,L359,90566.5899999999
3,2020,LMAV,64203.17
2,2020,LMAV,70963.41
1,2020,LMAV,78211
1,2020,L359,100639.33
12,2019,L359,111644.14
10,2019,L359,110197.53
9,2019,L359,111528.58
8,2019,L359,123943.22
7,2019,L359,121094.91
6,2019,L359,121390.59
4,2019,L359,122753.28
4,2019,LIGM,25022.23
3,2019,L359,123466.56
2,2019,L359,103110.45
1,2019,L359,116783.73
11,2023,L133/125,30515.26
10,2023,L133/125,69363.17
9,2023,L101,42623.48
8,2023,L101,46164.12
8,2023,L110,114521.06
6,2023,L110,99728.5499999999
6,2023,L133/125,62316.01
5,2023,L133/125,70211.61
5,2023,L110,111006.43
2,2022,L103,80313.06
2,2021,L101,21905.76
11,2020,L101,13774.92
4,2020,L129,18950.74
3,2020,L102,36276.53
3,2019,L110,115475.41
11,2022,LIGM,35820.1
10,2022,LIGM,29908.74
9,2022,LIGM,40651.89
8,2022,LIGM,37091.29
7,2022,LIGM,33488.88
6,2022,LIGM,36574.49
5,2022,LIGM,35996.64
5,2022,LMAV,65200.73
5,2022,LEXP,160414.07
4,2022,LIGM,38510.87
3,2022,LIGM,43221.37
2,2022,LIGM,36718.39
1,2022,LIGM,30263.4
12,2021,LIGM,32724.81
11,2021,LIGM,38799.17
11,2021,LEXP,164072.8
4,2021,359V,25916.03
4,2021,LIGM,35104.29
3,2021,LIGM,36268.17
2,2021,LIGM,6194.79
2,2021,LMAV,41429.14
1,2021,LIGM,26141.98
12,2020,LIGM,26361.7
2,2020,L359,90262.5499999999
2,2020,359V,102670.54
11,2023,L110,50366.28
10,2023,L101,42876.86
9,2023,L133/125,69253.9799999999
2,2019,L110,94135.3999999999
1,2019,L110,104898.95
2,2021,L130,135.5
2,2020,L145,65569.46
1,2020,L145,70682.52
11,2019,L145,75964.68
10,2019,L145,76547.23
2,2019,L128,46359.19
8,2020,L101,16341.61
7,2020,L145,4418.08
6,2020,L145,34045.51
4,2020,L125,12205.16
9,2019,L145,77274.2600000001
1,2022,L103,81001.9500000001
7,2021,L110,82309.28
10,2020,L101,20737.34
10,2020,359V,51044.41
9,2020,L101,10123.53
9,2020,L102,6199.52
8,2020,L102,10737.89
7,2020,L129,2153.87
5,2020,L143,17403.44
5,2020,359V,14877.62
3,2020,359V,101160.94
10,2021,LIGM,37203.65
9,2021,LIGM,40531.62
8,2021,LIGM,34095.21
7,2021,LIGM,35080.35
6,2021,LIGM,35332.43
5,2021,LIGM,29563.73
1,2021,LMAV,42790.96
12,2020,L359,82116.39
11,2020,LIGM,24969.33
10,2020,LIGM,29628.13
9,2020,LIGM,35108.55
8,2020,LIGM,29306.21
7,2020,LIGM,20723.97
6,2020,LIGM,8612.15
3,2020,LIGM,10252.95
11,2019,LIGM,26519.66
10,2019,LIGM,31175.03
9,2019,LIGM,17619.49
8,2019,LIGM,25964.35
7,2019,LIGM,10719.39
6,2019,LIGM,18458.08
5,2019,LIGM,28448.54
3,2019,LIGM,23931.88
2,2019,LIGM,21409.57
1,2019,LIGM,25788.66
4,2023,LEXP,157616.9
3,2023,LEXP,193144.21
3,2023,L359,88191.9300000001
2,2023,LEXP,136567.4
2,2023,L359,57423.73
1,2023,LEXP,162001.29
1,2023,L359,78221.82
12,2022,LEXP,185670.22
4,2022,LEXP,162558.41
3,2022,LEXP,181072.06
5,2021,L359,65190.05
10,2019,LMAV,80169.16
2,2019,359V,126712.24
7,2023,L128,51058.12
7,2020,L103,6660.13
5,2020,L103,17533.99
3,2020,L133,75020.5800000001
10,2022,LEXP,159869.42
4,2022,LMAV,59459.86
7,2021,L359,55345.85
6,2021,L359,52757.56
1,2021,L359,86352.22
12,2020,359V,34858.58
10,2020,LMAV,34763.65
8,2019,LMAV,75660.56
6,2019,LMAV,72856.44
3,2019,LMAV,82353.5
4,2020,L130,13929.52
11,2023,LIGM,15028.42
11,2023,LMAV,20252.11
10,2023,LMAV,48001.46
9,2023,LMAV,60112.2600000001
8,2023,LIGM,31211.82
8,2023,LMAV,62019.38
7,2023,LMAV,60065.54
6,2023,LMAV,56733.8000000001
6,2023,LIGM,26523.77
5,2023,LIGM,27878.14
5,2023,LMAV,62090.94
4,2023,LMAV,61004.2300000001
3,2023,LMAV,70457.99
2,2023,LMAV,54237.49
1,2023,LMAV,61217.6000000001
1,2023,359V,29205.6
12,2022,LMAV,64304.7
11,2022,LMAV,68175.47
10,2022,LMAV,58765.8
9,2022,LMAV,64534.24
8,2022,LMAV,64928.25
8,2022,LEXP,182474.95
7,2022,LMAV,59158.31
12,2020,LMAV,37840.05
11,2020,LMAV,13280.53
8,2020,LMAV,29583.67
7,2020,LMAV,5288.99
6,2020,LMAV,31972.65
5,2020,LMAV,11607.35
4,2020,LMAV,37012.5
2,2020,LIGM,6339.51
12,2019,LMAV,79312.37
12,2019,LIGM,6681.72
11,2019,LMAV,81345.5500000001
9,2019,LMAV,76113.17
7,2019,LMAV,68601.65
5,2019,LMAV,79853.5000000001
4,2019,LMAV,78109.26
3,2019,359V,146809.24
2,2019,LMAV,69865.53
1,2019,LMAV,70469.03
11,2023,L359,37551.2
11,2023,359V,31388.61
10,2023,L359,68048.91
9,2023,L359,64421.34
8,2023,L359,72167.5899999998
8,2023,359V,70617.72
7,2023,L359,53492.75
7,2023,LEXP,123133.42
7,2023,359V,99647.03
6,2023,L359,58080.74
6,2023,359V,95726.4099999999
5,2023,L359,69336.14
5,2023,359V,79124.47
4,2023,L359,77655.0399999999
3,2023,359V,45691.3
12,2022,359V,18980.98
9,2022,LEXP,179019.56
9,2021,L359,75317.85
1,2021,LEXP,102346.27
12,2020,LEXP,96179.5699999998
9,2020,LEXP,36111.69
8,2020,LEXP,78994.0300000001
7,2020,LEXP,8432.4
6,2020,LEXP,79348.05
4,2020,LEXP,85020.3799999999
11,2019,359V,130805.35
10,2019,359V,127285.79
10,2023,LI41,164466.95
8,2023,LI41,172966.95
7,2023,LI41,166370.58
5,2019,LI41,177307.78
7,2019,LI41,181435.32
9,2022,LINA,224778.16
6,2022,LINA,209027.42
5,2022,LINA,206613.42
1,2022,LINA,187194.09
12,2021,LINA,226918.21
11,2021,LINA,226982.81
10,2021,LINA,209273.49
9,2021,LINA,196673.45
8,2021,LINA,185045.71
5,2023,LINA,220771.62
10,2022,LINA,209838.53
7,2022,LINA,204108.89
4,2022,LINA,210498.26
3,2022,LINA,231082.75
7,2021,LINA,144913.63
6,2021,LINA,138834.12
5,2021,LINA,157024.96
4,2021,LINA,186682.88
11,2019,LINA,241763.26
9,2019,LINA,244817.66
8,2019,LINA,224817.32
7,2019,LINA,216836.71
6,2019,LINA,202766.68
1,2021,359V,27559.57
9,2020,359V,26676.92
8,2020,359V,53136.0700000001
7,2020,359V,7781.7
1,2020,LIGM,22376.46
10,2023,359V,90855.16
8,2023,LEXP,156066.3
5,2023,LEXP,141488.94
4,2023,359V,44601.74
7,2022,LEXP,152910.99
6,2022,LMAV,64537.33
11,2020,LEXP,37072.84
9,2023,359V,76342
3,2023,LIGM,35538.09
2,2023,359V,48356.88
6,2022,LEXP,161425.57
1,2022,LEXP,139499.19
7,2021,LMAV,36664.84
8,2023,L138,45814.13
6,2020,L128,32733.88
5,2020,L128,11221.8
4,2019,L145,76881.6
11,2020,L145,27525.87
9,2021,LMAV,48350.26
10,2020,LEXP,75675.11
1,2020,359V,114897.32
2,2021,L146,350.27
2,2019,L143,80475.21
11,2020,L102,9682.93
5,2019,L143,105167.83
11,2023,L101,19744.19
2,2022,L101,24147.77
3,2022,LMAV,63191.87
2,2022,LMAV,44959.5
1,2022,LMAV,48470.37
12,2021,LMAV,58089.54
11,2021,LMAV,58581.71
10,2021,LMAV,50306.24
8,2021,LMAV,41476.03
6,2021,LMAV,38036.24
3,2021,LMAV,53009.69
9,2020,LMAV,16359.46
4,2019,359V,145935.77
7,2019,359V,146416.33
6,2019,359V,134845.28
5,2019,359V,147261.24
11,2023,LEXP,61956.5800000001
10,2023,LEXP,137403.25
9,2023,LEXP,150424.67
9,2023,LIGM,30896.04
7,2023,LIGM,25868.46
4,2023,LIGM,27268.57
2,2023,LIGM,26838.61
1,2023,LIGM,25799.29
5,2020,LIGM,787.21
8,2019,359V,137304.64
1,2019,359V,148409.98
6,2023,LEXP,107115.35
11,2020,L133,27453.34
9,2020,L128,16039.59
9,2020,L103,28313.08
1,2020,L128,63018.2600000001
8,2023,N339,52669.8600000001
6,2023,N339,45658.0000000001
4,2023,N339,42706.14
3,2022,N339,43696.29
12,2021,N339,36760.25
8,2021,N339,33823.62
10,2020,L339,36504.57
9,2020,L339,17666.32
8,2020,L339,30865.44
7,2020,L339,3209.97
6,2020,L339,33960.89
5,2020,L339,8724.51
4,2020,359V,43518.75
11,2023,L126,10413.67
1,2023,L122,106596.61
4,2019,L128,48705.26
12,2022,LIGM,26035.27
9,2019,359V,122474.76
4,2020,LIGM,611.46
2,2022,N339,33682.61
8,2020,N339,3148.81
6,2022,N339,40736.82
10,2023,LIGM,13355.02
1,2020,N339,87505.8200000001
2,2023,N339,38961.99
12,2022,N339,42519.87
7,2022,N339,42853.48
4,2022,N339,44440.84
10,2021,N339,30681
9,2021,N339,28588.99
6,2021,N339,27414.66
1,2021,N339,22618.52
6,2020,N339,4602.8
9,2023,N339,48923.48
7,2023,N339,42271.75
3,2023,N339,47456.27
1,2023,N339,39936.38
11,2022,N339,45549.7
10,2022,N339,36671.04
9,2022,N339,38383.72
1,2022,N339,38158.04
8,2022,N339,39491.33
11,2021,N339,36015
7,2021,N339,27307.72
4,2019,L143,86156.91
9,2019,L103,100044.81
8,2020,L133,41333.73
3,2019,L128,62721.58
8,2020,L103,63687.59
3,2020,L103,82647.7399999999
9,2019,L133,83490.8099999999
10,2019,203M,547045.139999999
8,2019,203M,518497.450000001
7,2020,203M,338885.07
6,2020,203M,356552.45
5,2020,203M,344812.06
3,2020,203M,407117.230000001
2,2020,203M,429210.310000001
1,2020,203M,457248.520000001
11,2019,203M,556763.300000001
11,2019,LI41,200609.74
9,2019,203M,513134.050000001
7,2020,203I,319694.05
6,2020,203I,321683.47
5,2020,203I,321635.34
3,2020,203I,396399.279999999
12,2019,203M,501593.270000001
8,2019,203I,423547.760000001
4,2021,203M,378296.31
3,2021,203M,420768.46
2,2021,203M,339396.989999999
1,2021,203M,365728.41
12,2020,203M,387214.27
12,2020,LI41,162131.53
11,2020,203M,356124.74
10,2020,203M,380243.85
9,2020,203M,344776.58
8,2020,203M,350406.02
4,2020,203M,296151.83
5,2021,203M,393733.36
4,2021,203I,361819.550000002
3,2021,203I,388365.02
12,2020,203I,377393.71
11,2020,203I,368350.04
10,2020,203I,370936.51
9,2020,203I,329796.83
6,2019,203I,373790.04
1,2019,203I,344138.73
4,2022,203I,425548.09
1,2021,203I,346491.44
3,2020,LI41,158042.14
12,2019,LI41,226717.12
11,2021,203M,396248.69
10,2021,203M,435422.35
3,2021,LI41,180558.58
2,2021,203I,323240.57
10,2021,203I,350125.1
8,2020,203I,334776.950000001
4,2020,203I,278073.77
2,2020,203I,377588.29
1,2020,203I,421660.65
12,2019,203I,436519.120000001
11,2019,203I,448088.61
10,2019,203I,459133.53
9,2019,203I,409428.96
7,2019,203I,402076.48
5,2019,203I,363255.08
4,2019,203I,363763.200000001
3,2019,203I,350915.040000001
2,2019,203I,305069.789999999
8,2020,LI41,153930.66
6,2020,LI41,148156.99
10,2019,LI41,212414.33
11,2021,203I,368829.73
12,2021,203I,416692.790000001
2,2020,L315,63765.21
1,2020,L315,71036.14
10,2021,LI41,186777.99
1,2021,LI41,124508.76
2,2020,LI41,161563.19
7,2020,LI41,148767.97
1,2020,LI41,172529.06
5,2023,N339,45599.09
11,2023,N339,20670.11
11,2020,LI41,166708.05
5,2020,LI41,119506.61
10,2023,N339,51318.19
6,2022,203I,405531.14
5,2022,L140,43548.08
7,2020,L101,2871.44
5,2022,L126,16021.25
1,2020,L103,96454.77
5,2022,203I,418310.07
3,2022,203I,468035.09
5,2021,203I,365625.66
3,2022,203M,499750.61
2,2021,L129,281.89
1,2020,L133,83571.75
7,2020,L143,5585.3
7,2022,L126,23169.83
11,2023,LINA,102313.72
10,2023,LINA,234936.88
9,2023,LINA,229440.86
8,2023,LINA,231891.39
7,2023,LINA,218508.17
6,2023,LINA,212037.44
4,2023,LINA,219102.23
3,2023,LINA,244195.8
2,2023,LINA,184401.7
1,2023,LINA,206095
12,2022,LINA,221933.31
11,2022,LINA,233163.66
8,2022,LINA,226368.49
2,2022,LINA,163759.74
3,2021,LINA,178064.75
2,2021,LINA,144070.2
1,2021,LINA,161086.25
12,2020,LINA,152992.96
11,2020,LINA,152463.49
10,2020,LINA,141601.9
8,2020,LINA,139987.44
7,2020,LINA,136639.05
6,2020,LINA,135859.35
5,2020,LINA,94736.6799999999
3,2020,LINA,204358.53
2,2020,LINA,214893.38
1,2020,LINA,230022.49
12,2019,LINA,242703.32
10,2019,LINA,251145.17
5,2019,LINA,220700.56
4,2019,LINA,234228.22
3,2019,LINA,237768.94
2,2019,LINA,198992.05
1,2019,LINA,212385.83
2,2020,L128,56753.2300000001
9,2020,LINA,135619.88
4,2020,LINA,98728.58
5,2021,N339,19926.46
3,2021,N339,27344.98
2,2020,N339,86608.9100000001
10,2019,N339,104401.23
8,2019,L145,86373.36
7,2019,L133,23116.58
10,2020,LI41,151806.57
9,2020,LI41,153425.63
12,2020,N339,18384.73
12,2019,N339,97132.6399999998
7,2023,203I,358360.69
12,2022,203I,379532.58
7,2019,L103,96266.1300000001
5,2022,N339,40097.92
6,2022,203M,440592.41
5,2022,203M,489749.900000001
6,2023,203M,399253.72
5,2023,203M,445087.3
4,2023,203M,432241.1
3,2023,203M,491787.179999999
12,2022,203M,439402.27
11,2022,203M,469922.34
10,2022,203M,449837.079999999
9,2022,203M,438697.449999999
8,2022,203M,445549.42
7,2022,203M,456476.58
4,2022,203M,470888.570000001
2,2022,203M,390468.41
1,2022,203M,411166.88
12,2021,203M,470408.86
11,2023,L440,153758.72
11,2023,L315,47076.79
10,2023,L440,367660.12
10,2023,L315,110613.93
9,2023,L440,350796.759999999
9,2023,L315,101036.03
8,2023,L315,113146.88
8,2023,L440,368100.84
7,2023,L440,342428.27
7,2023,L315,93357.3099999999
6,2023,L440,359943.55
6,2023,L315,95015.11
5,2023,L440,359895.359999999
5,2023,L315,97466.0199999999
4,2023,L315,94828.8299999999
4,2023,L440,347613.78
3,2023,L440,375131.91
3,2023,L315,98061.51
12,2022,L440,321034.709999999
12,2022,L315,89239.48
11,2022,L440,355930.7
11,2022,L315,104864.61
10,2022,L440,358608.069999999
10,2022,L315,100672.56
9,2022,L440,355984.17
9,2022,L315,105804.32
8,2022,L440,343618.909999999
8,2022,L315,110196.36
7,2022,L440,308832.7
7,2022,L315,99898.33
7,2022,L740,94620.4400000001
6,2022,L315,111549.59
5,2022,L440,348347.52
5,2022,L315,116486.72
4,2022,L315,92982.3000000001
4,2022,L440,321738.18
3,2022,L315,107692.31
3,2022,L440,341620.9
12,2021,L315,88012.57
9,2021,L315,58446.9100000001
8,2021,L315,79132.6699999999
7,2021,L315,70387.9000000001
6,2021,L315,63591.93
5,2021,L315,70865.3299999999
4,2021,L315,71279.21
3,2021,L315,71748.94
2,2021,L315,55322.8
12,2020,L315,62308.55
3,2020,L315,75717.6299999999
12,2019,L315,85758.51
11,2019,L315,87317.05
11,2019,L740,98809.32
10,2019,L315,100468.57
9,2019,L315,75148.7
8,2019,L315,87686.5600000012
7,2019,L440,360566.069999986
7,2019,L315,82141.5500000001
6,2019,L315,77904.3
5,2019,L315,64141.74
4,2019,L315,79790.9800000002
3,2019,L315,83228.32
1,2019,L315,64253.52
6,2022,L440,329932.43
2,2022,L440,243946.52
1,2022,L440,236398.61
12,2021,L440,303534.14
11,2021,L440,315321.94
10,2021,L440,325187.89
9,2021,L440,305766.66
8,2021,L440,305087.62
7,2021,L440,296999.609999999
6,2021,L440,271011.13
5,2021,L440,278914.66
4,2021,L440,277185.99
3,2021,L440,285234.81
3,2020,L440,274201.28
2,2020,L440,254132.94
1,2020,L440,292016.269999999
12,2019,L440,322955.07
11,2019,L440,339776.92
10,2019,L440,363028.590000002
9,2019,L440,320332.61
8,2019,L440,352393.450000009
6,2019,L440,289338.949999999
5,2019,L440,296709.06
4,2019,L440,317808.000000001
3,2019,L440,332932.649999999
2,2019,L440,257008.91
1,2019,L440,282325.139999999
2,2021,L440,219526.34
1,2021,L440,204357.67
12,2020,L440,252828.15
11,2020,L440,262865.080000001
11,2021,L315,73275.47
10,2020,L440,237310.18
9,2020,L440,243893.02
8,2020,L440,244209.03
1,2023,L440,296080.71
10,2023,L740,101521.67
7,2021,L740,83872.93
5,2020,L440,232340.470000001
2,2023,L315,81159.4800000001
11,2022,L740,99957.32
2,2022,L315,65071.84
12,2021,L740,95205.3599999999
11,2021,L740,93977.1799999999
10,2021,L315,56740.06
7,2023,L740,90592.7500000002
5,2023,L740,99139.06
8,2021,L740,79746.0600000001
6,2023,L740,93327.9199999999
2,2023,L740,77634.33
4,2020,L440,188555.19
10,2022,L740,100580.63
11,2020,L315,65376.72
9,2023,L740,95076.19
1,2023,L315,83181.04
1,2021,L315,41311.53
10,2020,L315,57944.55
4,2022,L740,93150.76
4,2020,LI41,90305.5699999999
2,2021,LI41,124040.66
8,2022,203I,395080.639999999
4,2022,LI41,191115.99
9,2021,203M,422849.980000002
9,2021,LI41,175595.23
8,2021,203M,411608.490000001
7,2021,203M,388290.290000001
6,2021,203M,359532.999999999
5,2020,L315,52697.8
8,2021,203I,397285.09
6,2019,N339,102267.31
4,2019,N339,98756.6900000001
3,2019,N339,98155.1100000001
2,2019,N339,77893.23
1,2019,N339,91168.69
3,2023,L740,96274.78
2,2019,L315,59163.7500000001
3,2021,L740,87168.8999999999
8,2023,L740,99509.4999999997
7,2020,L315,60505.7
3,2022,L740,100736
2,2022,L740,71645.4100000001
2,2020,L740,78393.84
5,2022,L122,46277.93
4,2021,LI41,161203.97
5,2020,L102,5287.84
2,2020,L102,33624.76
6,2021,203I,338540.36
6,2020,L102,11759.44
9,2021,203I,391557.689999998
7,2019,L740,116829.540000003
4,2023,L740,90538.66
11,2023,L740,37755.82
1,2023,L740,86770.95
12,2022,L740,90307.38
9,2022,L740,97560.7099999999
8,2022,L740,102715.28
6,2022,L740,101755.47
5,2022,L740,101942.84
6,2020,L315,59012.57
8,2019,L740,110848.109999999
4,2019,L740,97704.3299999999
1,2021,L740,76071.6100000001
3,2019,L740,92415.17
6,2019,L740,98684.4000000002
8,2020,L315,60810.84
9,2020,L315,61630.48
10,2021,L740,90463.59
1,2019,L740,85601.26
12,2020,L740,81446.8199999999
1,2022,L315,64109.15
4,2020,L315,43524.76
3,2020,L740,76587.13
5,2021,L740,80099.82
6,2021,L740,77245.2599999999
9,2021,L740,89479.8800000001
1,2022,L740,78651.19
4,2021,L740,78119.83
2,2021,L740,66354.5900000001
11,2020,L740,79685.4800000001
10,2020,L740,79707.35
9,2020,L740,77019.73
8,2020,L740,73888.41
7,2020,L740,76174.74
6,2020,L740,72711.8
5,2020,L740,69049.5400000001
4,2020,L740,52712.86
1,2020,L740,91173.47
12,2019,L740,94533.7200000001
10,2019,L740,106939.18
9,2019,L740,107068.37
5,2019,L740,98024.0699999999
2,2019,L740,79008.9
11,2023,LI41,76930.39
9,2023,LI41,171399.76
6,2023,LI41,170569.18
5,2023,LI41,170470.67
4,2023,LI41,170465.36
3,2023,LI41,198668.09
2,2023,LI41,144581.4
1,2023,LI41,157622.02
12,2022,LI41,170262.91
11,2022,LI41,181727.88
10,2022,LI41,168526.71
9,2022,LI41,175619.71
8,2022,LI41,186833.76
7,2022,LI41,177687.15
6,2022,LI41,187218.44
5,2022,LI41,196876.57
3,2022,LI41,202225.27
2,2022,LI41,152477.76
1,2022,LI41,156995.23
12,2021,LI41,202306.72
11,2021,LI41,194551.81
8,2021,LI41,173233.43
7,2021,LI41,175188.48
6,2021,LI41,171649.9
5,2021,LI41,153075.8
9,2019,LI41,187843.51
8,2019,LI41,188060.54
6,2019,LI41,168120.55
4,2019,LI41,180588.34
3,2019,LI41,167590.87
2,2019,LI41,148265.09
2,2023,203M,393169.2
4,2020,L144,11059.57
4,2020,L145,29460.57
6,2019,L145,78020.78
2,2023,L122,91921.3699999999
11,2023,203M,187149.46
10,2023,203M,430819.760000001
9,2023,203M,426829.240000001
9,2023,203I,386913.08
8,2023,203M,448355.99
7,2023,203M,404394.700000001
7,2021,203I,364676.53
10,2019,L128,68721.74
7,2020,L133,3610.92
5,2020,L130,4701.47
1,2019,L128,61343.77
2,2020,L133,77649.45
2,2020,L103,89769.7
5,2020,L145,9752.45
10,2020,L133,42166.79
4,2020,L103,50785.2400000001
6,2019,L103,92393.2000000001
1,2023,L126,19260.78
4,2020,L128,32154.45
2,2021,L102,169.29
3,2021,L146,315.95
5,2023,203I,382060.96
9,2020,L133,19986.39
11,2023,203I,168110.3
10,2023,203I,387479.75
8,2023,203I,401046.29
6,2023,203I,360547.11
4,2023,203I,362218.080000001
3,2023,203I,407037.24
2,2023,203I,330574.98
1,2023,203I,377651.800000001
11,2022,203I,405280.36
10,2022,203I,385400
9,2022,203I,383239.28
7,2022,203I,412727.170000001
2,2022,203I,351669.27
1,2022,203I,350180.81
1,2023,203M,448291.099999999
11,2021,L129,109
4,2021,L146,222.35
11,2019,N339,114959.41
9,2019,N339,101379.91
8,2019,N339,109170.9
7,2019,N339,106364.77
5,2020,N339,4592.27
3,2020,N339,58584.49
2,2021,N339,22404.13
4,2021,N339,26132.99
7,2020,N339,1310.03
11,2020,N339,4587.19
10,2020,N339,5357.66
4,2020,N339,4188.91
9,2020,N339,2350.66
4,2022,L140,63.21
4,2020,L133,39103.16
6,2020,L133,39520.53
5,2020,L133,13358.92
2,2021,L133,128.51
