Mes,Year,des_lin,Cantidad_Pasajeros
1,2019,107,485682
1,2019,315,468947
1,2019,440,2058203
1,2019,740,751692
1,2019,PILAR 203,1447265
1,2019,CN33/9,70291
1,2019,EXPRESO,444080
1,2019,CP25 A,107155
1,2019,C AZUL,75776
1,2019,35/9,324712
1,2019,LINEA A,307852
1,2019,MORENO 203,1874826
1,2019,CP33/9,181737
1,2019,FABRICA,886
1,2019,103,456082
1,2019,143,347642
1,2019,125,104009
1,2019,41,979544
1,2019,110,453645
1,2019,C NEGRA,91567
1,2019,128,259368
1,2019,145,279442
1,2019,146,303176
1,2019,142,500593
1,2019,144,115344
1,2019,102,224682
1,2019,101,150105
1,2019,130,152987
1,2019,129,118007
1,2019,C ROJA,1371
1,2019,RINCÓN,379643
1,2019,35/9 V,444669
1,2019,VILLA CONS,13714
2,2019,107,508960
2,2019,315,461473
2,2019,440,1939624
2,2019,740,738305
2,2019,PILAR 203,1406627
2,2019,CN33/9,73073
2,2019,EXPRESO,442165
2,2019,CP25 A,111206
2,2019,C AZUL,77628
2,2019,35/9,332742
2,2019,LINEA A,311864
2,2019,MORENO 203,1803452
2,2019,CP33/9,191100
2,2019,FABRICA,1063
2,2019,103,463371
2,2019,143,362872
2,2019,125,110878
2,2019,41,966194
2,2019,110,460876
2,2019,C NEGRA,96645
2,2019,128,263134
2,2019,145,292298
2,2019,146,310377
2,2019,142,515191
2,2019,144,151463
2,2019,102,241639
2,2019,101,168710
2,2019,130,155582
2,2019,129,118665
2,2019,C ROJA,1415
2,2019,RINCÓN,390874
2,2019,35/9 V,441375
2,2019,VILLA CONS,12960
3,2019,107,611092
3,2019,315,604839
3,2019,440,2432652
3,2019,740,919508
3,2019,PILAR 203,1563591
3,2019,CN33/9,85201
3,2019,EXPRESO,461944
3,2019,CP25 A,123659
3,2019,C AZUL,89009
3,2019,35/9,379688
3,2019,LINEA A,344844
3,2019,MORENO 203,2152679
3,2019,CP33/9,220682
3,2019,FABRICA,1030
3,2019,103,546579
3,2019,143,423990
3,2019,125,133230
3,2019,41,1128918
3,2019,110,541280
3,2019,C NEGRA,108613
3,2019,128,308782
3,2019,145,349360
3,2019,146,372360
3,2019,142,590868
3,2019,144,195488
3,2019,102,295259
3,2019,101,224059
3,2019,130,182212
3,2019,129,149821
3,2019,C ROJA,2835
3,2019,RINCÓN,426999
3,2019,35/9 V,463464
3,2019,VILLA CONS,17810
4,2019,107,645518
4,2019,315,578458
4,2019,440,2726601
4,2019,740,920107
4,2019,PILAR 203,1519209
4,2019,CN33/9,90412
4,2019,EXPRESO,467646
4,2019,CP25 A,127190
4,2019,C AZUL,93296
4,2019,35/9,387545
4,2019,LINEA A,351415
4,2019,CP33/9,227416
4,2019,MORENO 203,2107523
4,2019,FABRICA,1222
4,2019,103,561627
4,2019,143,444926
4,2019,125,137476
4,2019,41,1163700
4,2019,110,556821
4,2019,C NEGRA,115020
4,2019,128,322872
4,2019,145,370502
4,2019,146,385632
4,2019,142,609996
4,2019,144,219291
4,2019,102,331633
4,2019,101,261284
4,2019,130,195589
4,2019,129,154606
4,2019,C ROJA,3040
4,2019,RINCÓN,431966
4,2019,35/9 V,462835
4,2019,VILLA CONS,19828
5,2019,740,956491
5,2019,103,598548
5,2019,LINEA A,361694
5,2019,35/9,419694
5,2019,RINCÓN,470184
5,2019,107,697750
5,2019,315,623607
5,2019,440,2819671
5,2019,PILAR 203,1545002
5,2019,CN33/9,93719
5,2019,EXPRESO,495108
5,2019,CP25 A,144147
5,2019,C AZUL,102395
5,2019,CP33/9,240975
5,2019,MORENO 203,2140606
5,2019,FABRICA,20971
5,2019,143,476356
5,2019,125,151725
5,2019,41,1189214
5,2019,110,595562
5,2019,C NEGRA,126598
5,2019,128,353568
5,2019,145,408986
5,2019,146,417830
5,2019,142,646257
5,2019,144,235385
5,2019,102,359800
5,2019,101,289540
5,2019,130,215211
5,2019,129,172504
5,2019,C ROJA,3922
5,2019,35/9 V,506058
5,2019,VILLA CONS,25274
6,2019,107,651258
6,2019,315,594434
6,2019,440,2569769
6,2019,740,877648
6,2019,PILAR 203,1443857
6,2019,CN33/9,94628
6,2019,EXPRESO,470000
6,2019,CP25 A,132341
6,2019,C AZUL,96439
6,2019,35/9,386853
6,2019,LINEA A,349356
6,2019,CP33/9,220104
6,2019,MORENO 203,2040550
6,2019,103,557323
6,2019,143,440506
6,2019,125,141015
6,2019,41,1064203
6,2019,110,564936
6,2019,C NEGRA,116891
6,2019,128,326805
6,2019,145,371115
6,2019,146,396629
6,2019,142,602683
6,2019,144,211307
6,2019,102,326334
6,2019,101,260025
6,2019,130,198907
6,2019,129,156071
6,2019,RINCÓN,437799
6,2019,35/9 V,466813
6,2019,VILLA CONS,18095
6,2019,FABRICA,11356
6,2019,C ROJA,3468
7,2019,107,585090
7,2019,315,641507
7,2019,440,2628317
7,2019,740,878440
7,2019,PILAR 203,1507936
7,2019,CN33/9,87384
7,2019,EXPRESO,454519
7,2019,CP25 A,120311
7,2019,C AZUL,87343
7,2019,35/9,376534
7,2019,LINEA A,352126
7,2019,CP33/9,210001
7,2019,MORENO 203,2072448
7,2019,FABRICA,5361
7,2019,103,556639
7,2019,143,421854
7,2019,125,133875
7,2019,41,1106088
7,2019,110,551958
7,2019,C NEGRA,103452
7,2019,128,317305
7,2019,145,354325
7,2019,146,386455
7,2019,142,579514
7,2019,144,183746
7,2019,102,254125
7,2019,101,224735
7,2019,130,190777
7,2019,129,151240
7,2019,C ROJA,2338
7,2019,RINCÓN,390564
7,2019,35/9 V,466230
7,2019,VILLA CONS,9155
7,2019,133,152987
8,2019,107,562403
8,2019,133,438811
8,2019,315,628203
8,2019,440,2879234
8,2019,740,784930
8,2019,PILAR 203,1572861
8,2019,CN33/9,94942
8,2019,EXPRESO,543546
8,2019,CP25 A,134810
8,2019,C AZUL,102753
8,2019,35/9,408035
8,2019,LINEA A,378665
8,2019,CP33/9,245947
8,2019,MORENO 203,2089895
8,2019,FABRICA,19190
8,2019,103,607348
8,2019,143,478134
8,2019,125,155760
8,2019,41,1202321
8,2019,110,618601
8,2019,C NEGRA,122446
8,2019,128,364091
8,2019,145,406280
8,2019,146,426729
8,2019,142,657873
8,2019,144,237182
8,2019,102,233775
8,2019,101,279840
8,2019,130,218403
8,2019,129,171097
8,2019,C ROJA,3721
8,2019,RINCÓN,469059
8,2019,35/9 V,441417
8,2019,VILLA CONS,12811
9,2019,107,546043
9,2019,133,431532
9,2019,315,617664
9,2019,440,2845045
9,2019,740,691301
9,2019,PILAR 203,1528045
9,2019,CN33/9,91846
9,2019,EXPRESO,532806
9,2019,CP25 A,126786
9,2019,C AZUL,97280
9,2019,35/9,365927
9,2019,LINEA A,364196
9,2019,CP33/9,231963
9,2019,MORENO 203,2142454
9,2019,103,600692
9,2019,143,470372
9,2019,125,151140
9,2019,41,1209186
9,2019,110,593146
9,2019,C NEGRA,116860
9,2019,128,353541
9,2019,145,384738
9,2019,146,401643
9,2019,142,642752
9,2019,144,234357
9,2019,102,227642
9,2019,101,263042
9,2019,130,211179
9,2019,129,171297
9,2019,RINCÓN,444551
9,2019,35/9 V,385163
9,2019,VILLA CONS,10947
9,2019,FABRICA,10920
9,2019,C ROJA,3437
10,2019,107,553253
10,2019,133,443844
10,2019,315,624074
10,2019,440,2945948
10,2019,740,750013
10,2019,PILAR 203,1580599
10,2019,CN33/9,94541
10,2019,EXPRESO,549696
10,2019,CP25 A,131853
10,2019,C AZUL,100980
10,2019,35/9,339770
10,2019,LINEA A,369182
10,2019,CP33/9,241812
10,2019,MORENO 203,2206872
10,2019,FABRICA,20743
10,2019,103,609405
10,2019,143,478759
10,2019,125,150204
10,2019,41,1258818
10,2019,110,599285
10,2019,C NEGRA,121628
10,2019,128,354538
10,2019,145,383648
10,2019,146,408982
10,2019,142,661236
10,2019,144,243124
10,2019,102,231546
10,2019,101,267728
10,2019,130,211583
10,2019,129,174292
10,2019,C ROJA,472
10,2019,RINCÓN,448550
10,2019,35/9 V,401731
10,2019,VILLA CONS,11449
11,2019,107,521771
11,2019,133,421010
11,2019,315,631321
11,2019,440,2838955
11,2019,740,740881
11,2019,PILAR 203,1537762
11,2019,CN33/9,87269
11,2019,EXPRESO,512575
11,2019,CP25 A,117050
11,2019,C AZUL,92011
11,2019,35/9,314351
11,2019,LINEA A,349142
11,2019,CP33/9,224213
11,2019,MORENO 203,2128233
11,2019,FABRICA,16673
11,2019,103,584374
11,2019,143,454785
11,2019,125,141443
11,2019,41,1197615
11,2019,110,582167
11,2019,C NEGRA,111618
11,2019,128,340595
11,2019,145,358170
11,2019,146,387662
11,2019,142,629066
11,2019,144,218074
11,2019,102,205027
11,2019,101,241910
11,2019,130,199557
11,2019,129,163926
11,2019,RINCÓN,420046
11,2019,35/9 V,372725
11,2019,VILLA CONS,10228
12,2019,107,487110
12,2019,133,379537
12,2019,315,579345
12,2019,440,2528627
12,2019,740,650826
12,2019,PILAR 203,1463662
12,2019,CN33/9,75473
12,2019,EXPRESO,480413
12,2019,CP25 A,105394
12,2019,C AZUL,84265
12,2019,35/9,276077
12,2019,LINEA A,326147
12,2019,CP33/9,198379
12,2019,MORENO 203,1927962
12,2019,103,547297
12,2019,143,417051
12,2019,125,127666
12,2019,41,1081263
12,2019,110,525382
12,2019,C NEGRA,98976
12,2019,128,311814
12,2019,145,311886
12,2019,146,361624
12,2019,142,581910
12,2019,144,172653
12,2019,102,163201
12,2019,101,195094
12,2019,130,178087
12,2019,129,146985
12,2019,RINCÓN,393248
12,2019,35/9 V,343069
12,2019,FABRICA,1442
12,2019,VILLA CONS,6321
1,2020,107,428514
1,2020,133,331569
1,2020,315,497665
1,2020,440,2167926
1,2020,740,566843
1,2020,PILAR 203,1362324
1,2020,CN33/9,61336
1,2020,CP25 A,93311
1,2020,C AZUL,67845
1,2020,35/9,253990
1,2020,LINEA A,299655
1,2020,CP33/9,181163
1,2020,MORENO 203,1689791
1,2020,103,481237
1,2020,143,366957
1,2020,125,106453
1,2020,41,962074
1,2020,110,470317
1,2020,C NEGRA,78388
1,2020,128,275746
1,2020,145,279039
1,2020,146,307642
1,2020,142,511093
1,2020,144,126840
1,2020,102,136475
1,2020,101,154482
1,2020,130,157324
1,2020,129,129761
1,2020,EXPRESO,420930
1,2020,RINCÓN,337785
1,2020,35/9 V,310103
1,2020,FABRICA,14442
1,2020,VILLA CONS,5753
2,2020,107,439532
2,2020,133,335516
2,2020,315,481376
2,2020,440,2108333
2,2020,740,597099
2,2020,PILAR 203,1344049
2,2020,CN33/9,68460
2,2020,EXPRESO,426350
2,2020,CP25 A,95704
2,2020,C AZUL,72848
2,2020,35/9,267122
2,2020,LINEA A,303961
2,2020,CP33/9,190029
2,2020,MORENO 203,1739968
2,2020,103,472817
2,2020,143,366966
2,2020,125,111870
2,2020,41,929180
2,2020,110,473380
2,2020,C NEGRA,84618
2,2020,128,273777
2,2020,145,288912
2,2020,146,319984
2,2020,142,512471
2,2020,144,154733
2,2020,102,146723
2,2020,101,165854
2,2020,130,158308
2,2020,129,126821
2,2020,RINCÓN,364617
2,2020,35/9 V,307417
2,2020,FABRICA,1256
2,2020,VILLA CONS,5624
3,2020,107,305169
3,2020,133,237645
3,2020,315,393411
3,2020,440,1620432
3,2020,740,423234
3,2020,PILAR 203,933778
3,2020,CN33/9,41991
3,2020,EXPRESO,295021
3,2020,CP25 A,64511
3,2020,C AZUL,48570
3,2020,35/9,184125
3,2020,LINEA A,200889
3,2020,CP33/9,124002
3,2020,MORENO 203,1248629
3,2020,103,327223
3,2020,143,255499
3,2020,125,84588
3,2020,41,665152
3,2020,110,336698
3,2020,C NEGRA,63749
3,2020,128,197303
3,2020,145,208506
3,2020,146,221017
3,2020,142,362745
3,2020,144,116062
3,2020,102,111089
3,2020,101,129212
3,2020,130,112848
3,2020,129,90874
3,2020,RINCÓN,243701
3,2020,35/9 V,212866
3,2020,FABRICA,4947
3,2020,VILLA CONS,4536
4,2020,107,88951
4,2020,133,49300
4,2020,315,126603
4,2020,440,506488
4,2020,740,132089
4,2020,PILAR 203,308099
4,2020,CP25 A,12100
4,2020,C AZUL,10022
4,2020,35/9,48580
4,2020,LINEA A,49472
4,2020,CP33/9,11025
4,2020,MORENO 203,430695
4,2020,CN33/9,1395
4,2020,103,84022
4,2020,143,60714
4,2020,125,19041
4,2020,41,180779
4,2020,110,97426
4,2020,C NEGRA,11645
4,2020,128,51646
4,2020,145,48401
4,2020,146,61779
4,2020,142,91263
4,2020,144,12784
4,2020,102,15847
4,2020,101,22369
4,2020,130,24086
4,2020,129,17535
4,2020,EXPRESO,79599
4,2020,RINCÓN,60492
4,2020,35/9 V,41715
5,2020,107,32097
5,2020,133,18020
5,2020,315,174120
5,2020,440,703183
5,2020,740,198765
5,2020,PILAR 203,407751
5,2020,CP25 A,4513
5,2020,C AZUL,4399
5,2020,35/9,17622
5,2020,LINEA A,59272
5,2020,CP33/9,4491
5,2020,MORENO 203,570331
5,2020,CN33/9,644
5,2020,103,30368
5,2020,143,21786
5,2020,125,6943
5,2020,41,235289
5,2020,110,34933
5,2020,C NEGRA,5158
5,2020,128,18842
5,2020,145,17146
5,2020,146,22819
5,2020,142,34253
5,2020,144,4508
5,2020,102,5767
5,2020,101,8151
5,2020,130,8596
5,2020,129,6575
5,2020,EXPRESO,29488
5,2020,RINCÓN,26956
5,2020,35/9 V,15491
6,2020,315,184261
6,2020,440,748115
6,2020,740,187676
6,2020,PILAR 203,429996
6,2020,LINEA A,113134
6,2020,MORENO 203,590697
6,2020,41,270011
6,2020,107,140043
6,2020,133,87002
6,2020,CP25 A,17454
6,2020,C AZUL,23527
6,2020,35/9,72087
6,2020,CP33/9,26034
6,2020,CN33/9,3729
6,2020,103,141344
6,2020,143,99437
6,2020,125,31731
6,2020,110,145349
6,2020,C NEGRA,26953
6,2020,128,78955
6,2020,145,84269
6,2020,146,100927
6,2020,142,153636
6,2020,144,22592
6,2020,102,23207
6,2020,101,35440
6,2020,130,39812
6,2020,129,29777
6,2020,EXPRESO,119337
6,2020,RINCÓN,125587
6,2020,35/9 V,75529
6,2020,FABRICA,630
7,2020,107,13652
7,2020,133,8496
7,2020,315,176428
7,2020,440,661567
7,2020,740,166677
7,2020,PILAR 203,375659
7,2020,CP25 A,1578
7,2020,C AZUL,26702
7,2020,35/9,6987
7,2020,LINEA A,130645
7,2020,CP33/9,2470
7,2020,MORENO 203,531337
7,2020,CN33/9,279
7,2020,FABRICA,7636
7,2020,103,13667
7,2020,143,9861
7,2020,125,3177
7,2020,41,251985
7,2020,110,14128
7,2020,C NEGRA,31506
7,2020,128,7770
7,2020,145,8610
7,2020,146,9276
7,2020,142,14855
7,2020,144,2279
7,2020,102,2030
7,2020,101,3183
7,2020,130,4050
7,2020,129,2778
7,2020,EXPRESO,10395
7,2020,RINCÓN,144067
7,2020,35/9 V,8827
8,2020,107,141608
8,2020,133,88360
8,2020,315,211781
8,2020,440,824622
8,2020,740,209994
8,2020,PILAR 203,461833
8,2020,CP25 A,16007
8,2020,C AZUL,34045
8,2020,35/9,74430
8,2020,LINEA A,129160
8,2020,CP33/9,28029
8,2020,MORENO 203,630933
8,2020,CN33/9,1302
8,2020,103,146586
8,2020,143,104740
8,2020,125,34287
8,2020,41,301026
8,2020,110,153171
8,2020,C NEGRA,39356
8,2020,128,79565
8,2020,145,89224
8,2020,146,102009
8,2020,142,155668
8,2020,144,23494
8,2020,102,22037
8,2020,101,33085
8,2020,130,41021
8,2020,129,30931
8,2020,EXPRESO,113465
8,2020,RINCÓN,181797
8,2020,35/9 V,84687
8,2020,FABRICA,9351
9,2020,315,244703
9,2020,440,968702
9,2020,740,247936
9,2020,PILAR 203,538238
9,2020,C AZUL,27014
9,2020,LINEA A,127170
9,2020,MORENO 203,697305
9,2020,FABRICA,10178
9,2020,41,360818
9,2020,C NEGRA,32517
9,2020,RINCÓN,153521
9,2020,CP33/9,14334
9,2020,CP25 A,7732
9,2020,107,62377
9,2020,133,37076
9,2020,35/9,32366
9,2020,CN33/9,1525
9,2020,103,62772
9,2020,143,42833
9,2020,125,12024
9,2020,110,64545
9,2020,128,34242
9,2020,145,36358
9,2020,146,43945
9,2020,142,68411
9,2020,144,8697
9,2020,102,11387
9,2020,101,15345
9,2020,130,16599
9,2020,129,13061
9,2020,EXPRESO,57067
9,2020,35/9 V,34357
10,2020,107,169097
10,2020,133,94888
10,2020,315,280666
10,2020,440,1172068
10,2020,740,282313
10,2020,PILAR 203,650648
10,2020,CP25 A,21965
10,2020,C AZUL,28608
10,2020,35/9,84604
10,2020,LINEA A,135595
10,2020,CP33/9,41694
10,2020,MORENO 203,787619
10,2020,CN33/9,5094
10,2020,FABRICA,10109
10,2020,103,176047
10,2020,143,124384
10,2020,125,32591
10,2020,41,427703
10,2020,110,182817
10,2020,C NEGRA,35005
10,2020,128,87360
10,2020,145,107546
10,2020,146,117044
10,2020,142,192497
10,2020,144,23192
10,2020,102,27261
10,2020,101,38492
10,2020,130,42828
10,2020,129,33664
10,2020,EXPRESO,147051
10,2020,RINCÓN,174973
10,2020,35/9 V,93796
11,2020,107,118139
11,2020,133,65015
11,2020,315,273760
11,2020,440,1326707
11,2020,740,363822
11,2020,PILAR 203,743005
11,2020,CP25 A,10306
11,2020,C AZUL,30541
11,2020,35/9,38286
11,2020,LINEA A,197522
11,2020,CP33/9,20181
11,2020,MORENO 203,909292
11,2020,CN33/9,3552
11,2020,103,128409
11,2020,143,92172
11,2020,125,24964
11,2020,41,496590
11,2020,110,130921
11,2020,C NEGRA,36101
11,2020,128,57926
11,2020,145,76994
11,2020,146,79955
11,2020,142,139698
11,2020,144,15930
11,2020,102,18803
11,2020,101,26672
11,2020,130,30115
11,2020,129,22745
11,2020,EXPRESO,75625
11,2020,RINCÓN,194071
11,2020,35/9 V,17975
11,2020,FABRICA,8734
12,2020,107,241109
12,2020,133,145949
12,2020,315,308635
12,2020,440,1604037
12,2020,740,435472
12,2020,PILAR 203,884461
12,2020,CP25 A,32629
12,2020,C AZUL,37876
12,2020,LINEA A,211257
12,2020,CP33/9,68279
12,2020,MORENO 203,1106731
12,2020,CN33/9,12895
12,2020,FABRICA,9585
12,2020,103,258831
12,2020,143,185867
12,2020,125,54419
12,2020,41,579036
12,2020,110,270593
12,2020,C NEGRA,45973
12,2020,128,126791
12,2020,35/9,126795
12,2020,145,163329
12,2020,146,172779
12,2020,142,285053
12,2020,144,32463
12,2020,102,37933
12,2020,101,57313
12,2020,130,65990
12,2020,129,51791
12,2020,EXPRESO,253610
12,2020,RINCÓN,236282
1,2021,107,243004
1,2021,133,104335
1,2021,315,296318
1,2021,440,1405383
1,2021,740,356319
1,2021,PILAR 203,848277
1,2021,CP25 A,32730
1,2021,C AZUL,35109
1,2021,LINEA A,205827
1,2021,CP33/9,78400
1,2021,MORENO 203,1021036
1,2021,CN33/9,14596
1,2021,103,253262
1,2021,143,142224
1,2021,125,36378
1,2021,41,537345
1,2021,110,262162
1,2021,C NEGRA,41814
1,2021,128,123598
1,2021,35/9,129909
1,2021,145,119983
1,2021,146,118002
1,2021,142,271176
1,2021,144,23447
1,2021,102,28083
1,2021,101,52653
1,2021,130,45543
1,2021,129,37010
1,2021,EXPRESO,274305
1,2021,RINCÓN,227640
1,2021,FABRICA,9901
1,2021,102/144,18797
1,2021,143/136/137,49357
1,2021,145/133,51367
1,2021,133/125,30995
1,2021,130/146,33784
2,2021,107,263391
2,2021,315,286705
2,2021,440,1394664
2,2021,740,372698
2,2021,PILAR 203,868797
2,2021,CP25 A,40240
2,2021,C AZUL,38604
2,2021,LINEA A,222370
2,2021,CP33/9,90861
2,2021,MORENO 203,1037414
2,2021,CN33/9,16824
2,2021,FABRICA,1147
2,2021,103,265429
2,2021,41,570452
2,2021,110,276277
2,2021,C NEGRA,45593
2,2021,102/144,92048
2,2021,143/136/137,215979
2,2021,145/133,241494
2,2021,133/125,149820
2,2021,130/146,157170
2,2021,128,133582
2,2021,35/9,159528
2,2021,142,276993
2,2021,101,58098
2,2021,EXPRESO,319220
2,2021,RINCÓN,243056
3,2021,107,339866
3,2021,315,357241
3,2021,440,1894531
3,2021,740,514548
3,2021,PILAR 203,1065413
3,2021,CP25 A,58909
3,2021,C AZUL,53825
3,2021,LINEA A,265979
3,2021,CP33/9,124163
3,2021,MORENO 203,1356809
3,2021,CN33/9,21941
3,2021,FABRICA,12892
3,2021,103,354838
3,2021,41,738503
3,2021,110,368037
3,2021,C NEGRA,67338
3,2021,102/144,147400
3,2021,143/136/137,276344
3,2021,145/133,337045
3,2021,133/125,187543
3,2021,130/146,212009
3,2021,128,191707
3,2021,35/9,220726
3,2021,142,375677
3,2021,101,98838
3,2021,EXPRESO,431083
3,2021,RINCÓN,315587
4,2021,107,324510
4,2021,315,334805
4,2021,440,1549539
4,2021,740,419015
4,2021,PILAR 203,880680
4,2021,CP25 A,56918
4,2021,C AZUL,51495
4,2021,LINEA A,248024
4,2021,CP33/9,123396
4,2021,MORENO 203,1101525
4,2021,CN33/9,21981
4,2021,FABRICA,9541
4,2021,103,340889
4,2021,41,612979
4,2021,110,361727
4,2021,C NEGRA,66643
4,2021,102/144,151680
4,2021,143/136/137,258238
4,2021,145/133,329613
4,2021,133/125,182073
4,2021,130/146,208092
4,2021,128,190701
4,2021,35/9,219179
4,2021,142,363702
4,2021,101,105479
4,2021,EXPRESO,409994
4,2021,RINCÓN,307982
5,2021,107,193960
5,2021,315,292067
5,2021,440,1362147
5,2021,740,472326
5,2021,PILAR 203,761962
5,2021,CP25 A,33450
5,2021,C AZUL,38829
5,2021,LINEA A,194802
5,2021,CP33/9,70161
5,2021,MORENO 203,1012930
5,2021,CN33/9,13528
5,2021,FABRICA,7713
5,2021,103,198466
5,2021,41,529864
5,2021,110,212480
5,2021,C NEGRA,50961
5,2021,102/144,87220
5,2021,143/136/137,151047
5,2021,145/133,195919
5,2021,133/125,110008
5,2021,130/146,123213
5,2021,128,112145
5,2021,35/9,125295
5,2021,142,219275
5,2021,101,63344
5,2021,EXPRESO,239918
5,2021,RINCÓN,231943
6,2021,107,250278
6,2021,315,299859
6,2021,440,1594571
6,2021,740,561538
6,2021,PILAR 203,854737
6,2021,CP25 A,37605
6,2021,C AZUL,39289
6,2021,LINEA A,207952
6,2021,CP33/9,91236
6,2021,MORENO 203,1119948
6,2021,CN33/9,16550
6,2021,FABRICA,12786
6,2021,103,255909
6,2021,41,606836
6,2021,110,273280
6,2021,C NEGRA,49934
6,2021,102/144,92780
6,2021,143/136/137,182296
6,2021,145/133,247207
6,2021,133/125,132275
6,2021,130/146,151212
6,2021,128,129539
6,2021,35/9,140673
6,2021,142,278885
6,2021,101,68128
6,2021,EXPRESO,310589
6,2021,RINCÓN,223326
7,2021,107,320915
7,2021,315,367808
7,2021,440,1897604
7,2021,740,658212
7,2021,PILAR 203,1008757
7,2021,CP25 A,47197
7,2021,C AZUL,45866
7,2021,LINEA A,262982
7,2021,CP33/9,120667
7,2021,MORENO 203,1340647
7,2021,CN33/9,24086
7,2021,FABRICA,11620
7,2021,103,338052
7,2021,41,696190
7,2021,110,356172
7,2021,C NEGRA,57386
7,2021,102/144,123852
7,2021,143/136/137,233019
7,2021,145/133,316254
7,2021,133/125,169144
7,2021,130/146,192344
7,2021,128,165043
7,2021,35/9,178715
7,2021,142,364870
7,2021,101,89769
7,2021,EXPRESO,405355
7,2021,RINCÓN,256621
8,2021,107,387640
8,2021,315,419752
8,2021,440,2187893
8,2021,740,719016
8,2021,PILAR 203,1138290
8,2021,CP25 A,62508
8,2021,C AZUL,61049
8,2021,LINEA A,311574
8,2021,CP33/9,148887
8,2021,MORENO 203,1493195
8,2021,CN33/9,28623
8,2021,103,407762
8,2021,41,789062
8,2021,110,442304
8,2021,C NEGRA,78303
8,2021,102/144,172428
8,2021,143/136/137,291684
8,2021,145/133,393238
8,2021,133/125,202798
8,2021,130/146,242272
8,2021,128,214442
8,2021,35/9,206290
8,2021,142,453352
8,2021,101,123176
8,2021,EXPRESO,495649
8,2021,RINCÓN,361127
8,2021,FABRICA,10626
9,2021,107,422222
9,2021,315,457361
9,2021,440,2245203
9,2021,740,737057
9,2021,PILAR 203,1157406
9,2021,CP25 A,69303
9,2021,C AZUL,67344
9,2021,LINEA A,320646
9,2021,CP33/9,156709
9,2021,MORENO 203,1539597
9,2021,CN33/9,30252
9,2021,FABRICA,14879
9,2021,103,453605
9,2021,41,828372
9,2021,110,487555
9,2021,C NEGRA,87308
9,2021,102/144,205032
9,2021,143/136/137,315755
9,2021,145/133,441846
9,2021,133/125,223779
9,2021,130/146,268365
9,2021,128,239614
9,2021,35/9,229118
9,2021,142,507934
9,2021,101,145132
9,2021,EXPRESO,533595
9,2021,RINCÓN,393510
10,2021,107,431210
10,2021,315,556070
10,2021,440,2486209
10,2021,740,855663
10,2021,PILAR 203,1284772
10,2021,CP25 A,74773
10,2021,C AZUL,69841
10,2021,LINEA A,354357
10,2021,CP33/9,179981
10,2021,MORENO 203,1809955
10,2021,CN33/9,35331
10,2021,FABRICA,16245
10,2021,103,461562
10,2021,41,893625
10,2021,110,495821
10,2021,C NEGRA,91269
10,2021,102/144,204800
10,2021,143/136/137,324525
10,2021,145/133,452334
10,2021,133/125,228690
10,2021,130/146,273839
10,2021,128,239977
10,2021,35/9,235756
10,2021,142,525610
10,2021,101,148917
10,2021,EXPRESO,565894
10,2021,RINCÓN,405760
11,2021,107,460952
11,2021,315,509200
11,2021,440,2540554
11,2021,740,920131
11,2021,PILAR 203,1303708
11,2021,EXPRESO,595568
11,2021,CP25 A,81628
11,2021,C AZUL,73571
11,2021,LINEA A,353838
11,2021,CP33/9,184583
11,2021,MORENO 203,1817384
11,2021,CN33/9,35074
11,2021,FABRICA,16976
11,2021,103,490581
11,2021,41,935451
11,2021,110,526636
11,2021,C NEGRA,92970
11,2021,102/144,218111
11,2021,143/136/137,348860
11,2021,145/133,479957
11,2021,133/125,244154
11,2021,130/146,293644
11,2021,128,258964
11,2021,35/9,243488
11,2021,142,566499
11,2021,101,160529
11,2021,RINCÓN,417936
11,2021,C ROJA,1116
12,2021,107,427638
12,2021,315,517413
12,2021,440,2436664
12,2021,740,869580
12,2021,PILAR 203,1273107
12,2021,EXPRESO,579839
12,2021,CP25 A,77013
12,2021,C AZUL,71075
12,2021,LINEA A,354665
12,2021,CP33/9,176468
12,2021,MORENO 203,1818866
12,2021,CN33/9,36587
12,2021,FABRICA,11446
12,2021,103,459978
12,2021,41,930965
12,2021,110,487519
12,2021,C NEGRA,86469
12,2021,102/144,187982
12,2021,143/136/137,318538
12,2021,145/133,433413
12,2021,133/125,224820
12,2021,130/146,268552
12,2021,128,235383
12,2021,35/9,226313
12,2021,142,533779
12,2021,101,140638
12,2021,C ROJA,785
12,2021,RINCÓN,407894
1,2022,107,311713
1,2022,315,435724
1,2022,440,1754568
1,2022,740,650575
1,2022,PILAR 203,1068735
1,2022,CP25 A,51422
1,2022,C AZUL,46780
1,2022,LINEA A,264430
1,2022,CP33/9,124856
1,2022,MORENO 203,1415166
1,2022,CN33/9,26848
1,2022,103,335015
1,2022,41,700404
1,2022,110,357834
1,2022,C NEGRA,57966
1,2022,102/144,115113
1,2022,143/136/137,219535
1,2022,145/133,298504
1,2022,133/125,151983
1,2022,130/146,193455
1,2022,128,162219
1,2022,35/9,156870
1,2022,142,368079
1,2022,101,86394
1,2022,EXPRESO,418810
1,2022,RINCÓN,277996
1,2022,FABRICA,9363
2,2022,107,354086
2,2022,315,438912
2,2022,440,1964816
2,2022,740,712634
2,2022,PILAR 203,1161589
2,2022,EXPRESO,501952
2,2022,CP25 A,62852
2,2022,C AZUL,58785
2,2022,LINEA A,319026
2,2022,CP33/9,157376
2,2022,MORENO 203,1566679
2,2022,CN33/9,34080
2,2022,FABRICA,15594
2,2022,103,383591
2,2022,41,800865
2,2022,110,394312
2,2022,C NEGRA,72651
2,2022,102/144,139617
2,2022,143/136/137,247286
2,2022,145/133,337907
2,2022,133/125,167057
2,2022,130/146,223040
2,2022,128,183788
2,2022,35/9,194495
2,2022,142,420708
2,2022,101,107716
2,2022,RINCÓN,337881
3,2022,107,491658
3,2022,315,561371
3,2022,440,2782292
3,2022,740,984704
3,2022,PILAR 203,1481807
3,2022,CP25 A,97514
3,2022,C AZUL,83697
3,2022,LINEA A,385242
3,2022,CP33/9,215562
3,2022,MORENO 203,2031587
3,2022,CN33/9,44200
3,2022,103,508938
3,2022,41,1048183
3,2022,110,541752
3,2022,C NEGRA,101923
3,2022,102/144,232238
3,2022,143/136/137,363799
3,2022,145/133,501298
3,2022,133/125,248910
3,2022,130/146,306115
3,2022,128,266187
3,2022,35/9,264428
3,2022,142,582278
3,2022,101,195752
3,2022,EXPRESO,637075
3,2022,RINCÓN,449799
3,2022,FABRICA,19841
3,2022,C ROJA,1398
4,2022,107,509463
4,2022,315,556896
4,2022,440,2762192
4,2022,740,980925
4,2022,PILAR 203,1449929
4,2022,EXPRESO,647216
4,2022,CP25 A,107948
4,2022,C AZUL,3929
4,2022,LINEA A,403036
4,2022,CP33/9,225256
4,2022,MORENO 203,2061842
4,2022,CN33/9,47180
4,2022,FABRICA,19413
4,2022,103,514281
4,2022,41,1035038
4,2022,110,553936
4,2022,C NEGRA,4854
4,2022,102/144,237530
4,2022,143/136/137,378868
4,2022,145/133,517776
4,2022,133/125,257198
4,2022,130/146,314053
4,2022,128,271517
4,2022,35/9,264302
4,2022,142,602527
4,2022,101,217891
4,2022,C ROJA,109
4,2022,RINCÓN,20289
5,2022,107,518668
5,2022,315,577764
5,2022,440,2829907
5,2022,740,1002467
5,2022,PILAR 203,1446425
5,2022,CP25 A,111953
5,2022,LINEA A,393260
5,2022,CP33/9,227246
5,2022,MORENO 203,2048000
5,2022,CN33/9,47330
5,2022,103,521073
5,2022,41,1058832
5,2022,110,562006
5,2022,102/144,232929
5,2022,143/136/137,381273
5,2022,145/133,526032
5,2022,133/125,259756
5,2022,130/146,321553
5,2022,128,273598
5,2022,35/9,275282
5,2022,142,613032
5,2022,101,216424
5,2022,EXPRESO,662520
5,2022,FABRICA,18879
5,2022,140,235972
5,2022,138/139,154972
5,2022,126,73317
5,2022,122,251445
5,2022,C ROJA,116
6,2022,107,544617
6,2022,315,636920
6,2022,440,2802146
6,2022,740,984567
6,2022,PILAR 203,1424424
6,2022,EXPRESO,683102
6,2022,CP25 A,116071
6,2022,LINEA A,400652
6,2022,CP33/9,233902
6,2022,MORENO 203,2032960
6,2022,CN33/9,48874
6,2022,FABRICA,20296
6,2022,103,542114
6,2022,41,1015675
6,2022,110,575292
6,2022,102/144,230349
6,2022,143/136/137,392164
6,2022,145/133,540683
6,2022,133/125,270622
6,2022,130/146,331783
6,2022,126,110945
6,2022,138/139,209687
6,2022,140,251753
6,2022,128,285631
6,2022,35/9,289114
6,2022,142,643189
6,2022,101,220596
6,2022,122,574439
7,2022,107,494929
7,2022,315,631956
7,2022,440,2637248
7,2022,740,927531
7,2022,PILAR 203,1490884
7,2022,EXPRESO,646122
7,2022,CP25 A,102924
7,2022,LINEA A,400409
7,2022,CP33/9,214150
7,2022,MORENO 203,2016327
7,2022,CN33/9,48251
7,2022,FABRICA,17507
7,2022,103,531458
7,2022,41,976449
7,2022,110,547061
7,2022,102/144,205881
7,2022,143/136/137,376631
7,2022,145/133,504892
7,2022,133/125,260980
7,2022,130/146,305961
7,2022,126,95120
7,2022,138/139,199990
7,2022,140,237794
7,2022,128,276588
7,2022,35/9,273281
7,2022,142,613070
7,2022,101,184092
7,2022,122,541170
8,2022,107,536726
8,2022,315,694915
8,2022,440,2924435
8,2022,740,1021620
8,2022,PILAR 203,1473693
8,2022,EXPRESO,703355
8,2022,CP25 A,114104
8,2022,LINEA A,421800
8,2022,CP33/9,245468
8,2022,MORENO 203,1980494
8,2022,CN33/9,49747
8,2022,FABRICA,22936
8,2022,103,570836
8,2022,41,1093306
8,2022,110,583357
8,2022,102/144,244693
8,2022,143/136/137,408162
8,2022,145/133,555969
8,2022,133/125,278702
8,2022,130/146,336857
8,2022,126,107410
8,2022,138/139,231503
8,2022,140,259593
8,2022,128,300619
8,2022,35/9,292053
8,2022,142,678595
8,2022,101,222931
8,2022,122,598215
9,2022,107,566264
9,2022,315,698718
9,2022,440,2908535
9,2022,740,1010055
9,2022,PILAR 203,1438372
9,2022,EXPRESO,741563
9,2022,CP25 A,115280
9,2022,LINEA A,434891
9,2022,CP33/9,250609
9,2022,MORENO 203,1979149
9,2022,CN33/9,48261
9,2022,FABRICA,22338
9,2022,103,597598
9,2022,41,1067766
9,2022,110,621232
9,2022,102/144,256001
9,2022,143/136/137,418432
9,2022,145/133,585221
9,2022,133/125,291799
9,2022,130/146,351539
9,2022,126,118352
9,2022,138/139,239927
9,2022,140,265252
9,2022,128,311836
9,2022,35/9,295274
9,2022,142,702659
9,2022,101,234172
9,2022,122,636147
10,2022,107,502952
10,2022,315,697278
10,2022,440,2902501
10,2022,740,1011797
10,2022,PILAR 203,1399553
10,2022,EXPRESO,668872
10,2022,CP25 A,101592
10,2022,LINEA A,399978
10,2022,CP33/9,224797
10,2022,MORENO 203,1981163
10,2022,CN33/9,45905
10,2022,103,533468
10,2022,41,1034060
10,2022,110,553806
10,2022,102/144,228972
10,2022,143/136/137,364209
10,2022,145/133,513403
10,2022,133/125,262408
10,2022,130/146,314250
10,2022,126,107447
10,2022,138/139,218989
10,2022,140,236222
10,2022,128,274119
10,2022,35/9,266793
10,2022,142,623744
10,2022,101,210311
10,2022,122,575833
10,2022,FABRICA,17550
11,2022,107,537993
11,2022,315,721159
11,2022,440,2957666
11,2022,740,1027917
11,2022,PILAR 203,1428800
11,2022,EXPRESO,729759
11,2022,CP25 A,100545
11,2022,LINEA A,417779
11,2022,CP33/9,232545
11,2022,MORENO 203,1969980
11,2022,CN33/9,44937
11,2022,FABRICA,21560
11,2022,103,592424
11,2022,41,1048039
11,2022,110,618809
11,2022,102/144,256086
11,2022,143/136/137,403028
11,2022,145/133,572690
11,2022,133/125,287077
11,2022,130/146,341320
11,2022,126,122980
11,2022,138/139,240113
11,2022,140,268418
11,2022,128,308969
11,2022,35/9,287049
11,2022,142,687871
11,2022,101,230645
11,2022,122,643275
12,2022,107,482584
12,2022,315,653810
12,2022,440,2601280
12,2022,740,915790
12,2022,PILAR 203,1294098
12,2022,EXPRESO,638042
12,2022,CP25 A,87840
12,2022,LINEA A,384971
12,2022,CP33/9,197857
12,2022,MORENO 203,1808943
12,2022,CN33/9,42702
12,2022,FABRICA,14861
12,2022,103,528965
12,2022,41,936853
12,2022,110,534244
12,2022,102/144,194591
12,2022,143/136/137,345193
12,2022,145/133,469108
12,2022,133/125,250721
12,2022,130/146,294970
12,2022,126,96165
12,2022,138/139,202999
12,2022,140,233517
12,2022,128,260442
12,2022,35/9,250648
12,2022,142,608435
12,2022,101,180445
12,2022,122,569567
1,2023,107,428077
1,2023,315,557782
1,2023,440,2259765
1,2023,740,802056
1,2023,PILAR 203,1240269
1,2023,CP25 A,80803
1,2023,LINEA A,358213
1,2023,CP33/9,180127
1,2023,MORENO 203,1738182
1,2023,CN33/9,38406
1,2023,103,461987
1,2023,41,820862
1,2023,110,468305
1,2023,102/144,161416
1,2023,143/136/137,292970
1,2023,145/133,408881
1,2023,133/125,214161
1,2023,130/146,247506
1,2023,126,76233
1,2023,138/139,186379
1,2023,140,200731
1,2023,128,223879
1,2023,35/9,209608
1,2023,142,532449
1,2023,101,146451
1,2023,122,489289
1,2023,EXPRESO,587232
1,2023,FABRICA,13546
2,2023,107,424769
2,2023,315,534605
2,2023,440,2189066
2,2023,740,774751
2,2023,PILAR 203,1157231
2,2023,EXPRESO,605076
2,2023,CP25 A,83765
2,2023,LINEA A,367212
2,2023,CP33/9,188142
2,2023,MORENO 203,1642792
2,2023,CN33/9,41490
2,2023,FABRICA,17918
2,2023,103,461835
2,2023,41,808826
2,2023,110,458065
2,2023,102/144,167729
2,2023,143/136/137,296930
2,2023,145/133,404823
2,2023,133/125,217708
2,2023,130/146,42325
2,2023,126,78153
2,2023,138/139,186238
2,2023,140,200819
2,2023,128,220043
2,2023,35/9,219193
2,2023,142,537349
2,2023,101,156217
2,2023,122,467002
2,2023,146,167665
2,2023,130,94856
3,2023,107,540326
3,2023,315,715828
3,2023,440,2995875
3,2023,740,1051754
3,2023,PILAR 203,1312752
3,2023,EXPRESO,773385
3,2023,CP25 A,109358
3,2023,LINEA A,455345
3,2023,CP33/9,240010
3,2023,MORENO 203,2005630
3,2023,CN33/9,48154
3,2023,FABRICA,24765
3,2023,103,620448
3,2023,41,1096035
3,2023,110,610098
3,2023,102/144,256494
3,2023,143/136/137,405630
3,2023,145/133,551906
3,2023,133/125,295259
3,2023,126,116789
3,2023,138/139,249330
3,2023,140,266135
3,2023,128,304623
3,2023,35/9,283860
3,2023,146,282660
3,2023,142,702551
3,2023,101,240964
3,2023,130,167453
3,2023,122,625759
4,2023,107,563801
4,2023,315,702385
4,2023,440,2834713
4,2023,740,992050
4,2023,PILAR 203,1309531
4,2023,EXPRESO,804183
4,2023,CP25 A,115399
4,2023,LINEA A,471898
4,2023,CP33/9,251582
4,2023,MORENO 203,1892655
4,2023,CN33/9,50069
4,2023,FABRICA,21231
4,2023,103,635645
4,2023,41,1064115
4,2023,110,615436
4,2023,102/144,263807
4,2023,143/136/137,415070
4,2023,145/133,569095
4,2023,133/125,296372
4,2023,126,118409
4,2023,138/139,258797
4,2023,140,270331
4,2023,128,308387
4,2023,35/9,269516
4,2023,146,301226
4,2023,142,715932
4,2023,101,247210
4,2023,130,173361
4,2023,122,636323
5,2023,107,590207
5,2023,315,689038
5,2023,440,2836669
5,2023,740,999853
5,2023,PILAR 203,1346363
5,2023,EXPRESO,876414
5,2023,CP25 A,120478
5,2023,LINEA A,476179
5,2023,CP33/9,259097
5,2023,MORENO 203,1964785
5,2023,CN33/9,51119
5,2023,103,666680
5,2023,41,1112797
5,2023,110,643886
5,2023,102/144,281915
5,2023,143/136/137,439161
5,2023,145/133,602271
5,2023,133/125,322169
5,2023,126,129811
5,2023,138/139,277224
5,2023,140,289704
5,2023,128,331171
5,2023,35/9,232181
5,2023,146,329911
5,2023,142,759576
5,2023,101,268392
5,2023,130,187401
5,2023,122,683661
5,2023,FABRICA,21984
6,2023,107,528203
6,2023,315,698748
6,2023,440,2875580
6,2023,740,1012206
6,2023,PILAR 203,1328254
6,2023,EXPRESO,807465
6,2023,CP25 A,111340
6,2023,LINEA A,463567
6,2023,CP33/9,237793
6,2023,MORENO 203,1907054
6,2023,CN33/9,46547
6,2023,FABRICA,20453
6,2023,103,605673
6,2023,41,1072957
6,2023,110,580919
6,2023,102/144,257013
6,2023,143/136/137,398889
6,2023,145/133,536940
6,2023,133/125,291364
6,2023,126,117931
6,2023,138/139,252590
6,2023,140,260642
6,2023,128,299185
6,2023,35/9,210256
6,2023,146,306606
6,2023,142,705488
6,2023,101,241711
6,2023,130,172105
6,2023,122,611179
7,2023,107,533375
7,2023,315,660881
7,2023,440,2644533
7,2023,740,934076
7,2023,PILAR 203,1302204
7,2023,EXPRESO,811786
7,2023,CP25 A,108750
7,2023,LINEA A,461990
7,2023,CP33/9,225983
7,2023,MORENO 203,1806326
7,2023,CN33/9,47483
7,2023,103,616913
7,2023,41,1003331
7,2023,110,590268
7,2023,102/144,233574
7,2023,143/136/137,395281
7,2023,145/133,537689
7,2023,133/125,293003
7,2023,126,110424
7,2023,138/139,239933
7,2023,140,265386
7,2023,128,293150
7,2023,35/9,206687
7,2023,146,301449
7,2023,142,699008
7,2023,101,214384
7,2023,130,169125
7,2023,122,605954
7,2023,FABRICA,18172
8,2023,107,613256
8,2023,315,723881
8,2023,440,3047776
8,2023,740,1053219
8,2023,PILAR 203,1420243
8,2023,EXPRESO,929238
8,2023,CP25 A,122066
8,2023,LINEA A,503746
8,2023,CP33/9,268687
8,2023,MORENO 203,1984780
8,2023,CN33/9,54720
8,2023,FABRICA,24768
8,2023,103,690706
8,2023,41,1103070
8,2023,110,678876
8,2023,102/144,284113
8,2023,143/136/137,457591
8,2023,145/133,627480
8,2023,133/125,332088
8,2023,126,139139
8,2023,138/139,276931
8,2023,140,310864
8,2023,128,332381
8,2023,35/9,245338
8,2023,146,347460
8,2023,142,798435
8,2023,101,265079
8,2023,130,199715
8,2023,122,698474
9,2023,107,603867
9,2023,315,712713
9,2023,440,3017209
9,2023,740,1023137
9,2023,PILAR 203,1398593
9,2023,EXPRESO,940370
9,2023,CP25 A,122882
9,2023,LINEA A,496955
9,2023,CP33/9,267908
9,2023,MORENO 203,1968143
9,2023,CN33/9,56404
9,2023,FABRICA,23297
9,2023,103,680247
9,2023,41,1082000
9,2023,110,668051
9,2023,102/144,283820
9,2023,143/136/137,453940
9,2023,145/133,613116
9,2023,133/125,327323
9,2023,126,133020
9,2023,138/139,268459
9,2023,140,307827
9,2023,128,330869
9,2023,35/9,221352
9,2023,146,343451
9,2023,142,805061
9,2023,101,271664
9,2023,130,196326
9,2023,122,705504
10,2023,107,602500
10,2023,315,731550
10,2023,440,3046047
10,2023,740,1029597
10,2023,PILAR 203,1381670
10,2023,EXPRESO,949447
10,2023,CP25 A,102581
10,2023,LINEA A,495937
10,2023,CP33/9,267895
10,2023,MORENO 203,1946751
10,2023,CN33/9,56161
10,2023,102/144,282332
10,2023,146,347099
10,2023,103,675678
10,2023,110,655376
10,2023,143/136/137,455381
10,2023,145/133,605484
10,2023,133/125,324013
10,2023,126,133820
10,2023,138/139,264488
10,2023,140,301755
10,2023,128,331322
10,2023,142,788014
10,2023,101,265896
10,2023,35/9,186858
10,2023,41,1038193
10,2023,130,195897
10,2023,122,707178
10,2023,FABRICA,8769
11,2023,107,329624
11,2023,315,395732
11,2023,440,1703913
11,2023,740,574667
11,2023,PILAR 203,770483
11,2023,EXPRESO,519048
11,2023,CP25 A,53808
11,2023,LINEA A,267094
11,2023,CP33/9,82960
11,2023,MORENO 203,1103855
11,2023,CN33/9,31492
11,2023,FABRICA,14109
11,2023,103,381843
11,2023,110,383826
11,2023,102/144,158705
11,2023,143/136/137,254746
11,2023,145/133,345406
11,2023,133/125,180864
11,2023,126,77436
11,2023,138/139,147278
11,2023,140,173788
11,2023,128,186054
11,2023,146,192377
11,2023,142,449592
11,2023,101,153010
11,2023,35/9,100839
11,2023,41,611345
11,2023,130,112442
11,2023,122,401731
11,2023,33/9,63651
